Date,Owner,Title,FU Reply
14-11-2019 09:54,beritafilistin,Perekam Wanita di Kamar Ganti Baju Mall Kerap Ceramah Agama di Medsos,Dia pasti alumni 212
01-10-2019 17:38,ibelindua,Gubernur Anies Sampaikan Ancaman Penggantian Ideologi Pancasila Dengan Komunis,Gak pernah ngaca ya
28-09-2019 10:56,matadewa909,"Kecewa Ponakan Prabowo Batal Baca Doa, Gerindra WO dari MPR",Alumni 212 mana suaranya
17-09-2019 12:41,SENORITA88,"Pria India Bikin Helm Pakai AC, Kepala Dingin Saat Macet",Malah masuk angin ntar
28-08-2019 13:45,matthysse76,"Jokograd & Mandalanusa, Usulan Nama Ibu Kota Baru Indonesia Menurut Warganet",Wowoland city of kamprets
11-06-2019 17:17,Sobat.Gurun,"Dugaan �Tim Mawar� di Balik Kerusuhan 22 Mei, Prabowo-Sandi Ngaku Gak Kenal",Kasian lo wok
11-06-2019 16:59,VolkswagenPutih,Kesaksian Tajudin yang Disuruh Kivlan Tembak Luhut-Wiranto-BG-Gories,Mampus lo wok
31-05-2019 11:34,onta.punuk.3,"Disoraki Ibu Negara oleh Pendukung di Atas Panggung, Titiek Soeharto: Presidennya",Jomblo ngenes
25-05-2019 09:11,shifu356,"Gugat Pilpres, Tim Hukum Prabowo-Sandi Serahkan 51 Bukti ke MK",Gak bawa bukti ya?
24-05-2019 10:10,dsturridge15,Sopir Ambulans Gerindra yang Bawa Batu Harus Ditahan Polisi : Pak Saya Belum Dibayar,Ayo bayar wok
21-05-2019 17:17,fpicondet,"Pengakuan Massa Aksi 22 Mei, Bekal Tipis Hingga Tinggalkan Anak Istri",Manusia tolol
21-05-2019 17:15,n4z1.v8,Wiranto Duga Eks Danjen Kopassus Soenarko Selundupkan Senjata dari Aceh,Untung bs ketahuan
21-05-2019 17:13,winarwi,BPN Enggan Komentari Sikap PAN yang Akui Kemenangan Jokowi-Ma�ruf,Wkwwkkwwk kapal oleng
17-05-2019 13:31,narutohoki,"Sakit, dr Ani Hasibuan Tak Penuhi Panggilan Polisi",Awas ntar kabur ke arab
16-05-2019 11:25,lordandras,"Real Count 84%, Ini 13 Provinsi yang Dimenangkan Prabowo!",Provinsi terbelakang
16-05-2019 11:19,dungdunggdebak,"Mau Diperiksa Bareskrim, Ust Haikal Hasan Malah Pulang kampung Ke Arab saudi",Kampret pada kabur
16-05-2019 11:02,lordandras,Andi Arief Sindir Anies Tak Datang Silaturahmi Bogor: Jangan Main Aman,Lain kali gak usah diundang. Kagak punya prestasi
16-05-2019 11:01,anying.kau,Prabowo Bikin Surat Wasiat: Kalau Terjadi Apa-apa Terhadap Saya....,Wkwk depresi
16-05-2019 10:47,buncitbubar,Guru Ngaji Ini Melecehkan 20 Gadis,Pasti pendukung prabowo
14-05-2019 17:26,mantanpanasbung,"Polisi: Tiba di Indonesia, Bachtiar Nasir Ditangkap, Lalu Ditahan",Kok gak dicekal ke luar negeri ya?
14-05-2019 17:20,mantanpanasbung,Ahmad Dhani Beri Nasihat ke Kapolri Soal Kasus Eggi Sudjana,Berisik lo botak
14-05-2019 17:19,lordandras,"Real Count KPU Pilpres 2019 Data Masuk 81,5%, Selisih Suara 15,655.833",Wkwkwkwk sukurin kalah
14-05-2019 17:17,anying.kau,Pengacara Eggi Sudjana: BPN Kalau Tidak Bisa Bantu Jangan Buat Kami Susah!,"paling bpn tinggal blg ""mreka bukan bagian dri Kami"" :lehuga Wkwkwkwkwk dilepeh"
14-05-2019 17:09,wokwikwokwik,Pengacara Eggi Sudjana: Kalau BPN Tak Bisa Bantu Jangan Bikin Susah (kampret emang),Wkwkkwwkk dilepeh
14-05-2019 10:15,ranttalker,"Gara-gara Ancam Penggal Kepala Jokowi, Nasib Pernikahan Pelaku Kini Di Ujung Tanduk",Mampus wkwkwk
13-05-2019 10:27,aleet,Opick Buka Ziarah Rambut Nabi Muhammad SAW di Rumahnya,Sudah kuduga
11-05-2019 10:28,winarwi,BPN Sebut Kivlan Zein Bukan Anggotanya,Mulai deh
11-05-2019 10:26,winarwi,Ketua Reuni 212 Ajak Massa Masuk Penjara Biar Makanan gratis,bodoh kok bangga
11-05-2019 10:25,richad614,Simpatisan Prabowo - Sandiaga Keracunan Kue Selesai Demo di Bawaslu,Wkwkwk mencret berjamaah
10-05-2019 17:01,rhaimukui,"Sebar Hoaks People Power, Dosen Pascasarjana Ditangkap Polisi",Liat tuh jidatnya. Mungkin jago nyundul kalo main futsal
08-05-2019 13:35,zero001,Prabowo akan Sambangi Markas PKS Siang Ini,Ditikung lo wok
08-05-2019 11:08,Muzmuz,"Jorok, Pembobol Minimarket 212 di Sukabumi BAB dan Kencing di Toko",Wkwkwk gblk
08-05-2019 11:04,ajgmj.asli,Novel Bamukmin : Yg Minta FPI Distop Adalah Pengkhianat Agama !!!,Sukurin
08-05-2019 10:56,anying.kau,Joko Widodo Keok di Kandang Banteng,Wkwkwk
08-05-2019 10:23,pasti2periode,"Jelang Pengumuman Hasil Pemilu, Densus 88 Waspadai Tempat Ramai Anggota Polisi",Nasbung bikin onar
07-05-2019 17:28,Muzmuz,Polisi Tetapkan Eks Ketua GNPF Ulama Bachtiar Nasir Tersangka,"yang deket sama rezim sekarang mah aman2 aja. dekatilah ulama yang di benci kaum Kafir, Gblk"
07-05-2019 17:25,nadaramadhan20,"Isu Ustaz di Serang Dibunuh PKI, Polda Banten: Itu Hoaks",Nasbung nih pasti
07-05-2019 17:21,andika.1stravel,Gerindra: Ahmad Dhani dan Mulan Jameela Tak Lolos ke DPR,Kasihan si dul
07-05-2019 17:20,rhaimukui,Polri Incar Penyeru Ajakan People Power,Amin rais tuh
04-05-2019 11:02,yamsujasmin,Keras Kepala Prabowo dan Siasat di Balik Klaim Menang Pilpres,"tenang masih punya anthony leong, chinese medan konsultan buzzer dimedsos, pakar hoax dan komandan bot kampret di twiter :o suara haikal hasan n Anthony Leong CMIW :o 5ccab2377e3a72515762e310 #NO2ISIS (@TolakBigotRI) tweeted at 10:45 PM on Wed, May 01, 2019: CARA KERJA KPU KECIL PRABOHONG. TERBO"
04-05-2019 09:55,gilbertagung,"Caleg Demokrat Ibas hingga Dede Yusuf Lolos ke DPR, Ferdinand Hutahaean Gagal",Wkwkwk sempak merah
04-05-2019 09:31,Muzmuz,BPN: Bila Perlu Jenazah Petugas KPPS Dibongkar Supaya Tak Ada Curiga,Tofa caleg gagal
04-05-2019 09:28,nadaramadhan20,"Mardani: Ganti Presiden Tutup Buku, Siapa Pun yang Terpilih Itu Suara Rakyat",Parasit emang
01-05-2019 11:57,nadaramadhan20,"Diduga Hina Ustaz Adi Hidayat dan UAS, Ramai #AndreTaulanyMakinSongong",Kuping tipis
29-04-2019 19:48,nadaramadhan20,Anies Klaim Banjir Jakarta Saat Ini Lebih Baik dari Masa Ahok,Banjirnya lebih barokah karena pemimpin seiman
29-04-2019 14:02,dungdunggdebak,Puji tuhan...Naturalisasi Sungai Jakarta selesai akhir 2019.,Yg penting seiman
29-04-2019 13:58,Sok.Art,Ahmad Dhani dan Mulan Jameela Dikabarkan Lolos ke Senayan,Yg milih gblk
29-04-2019 13:35,VolkswagenPutih,Sandi Respons Mahfud Md Soal Provinsi Garis Keras : Did He Say That? Really?,Emang garis keras kok
29-04-2019 11:41,missbehaven,"SEMAKIN Tidak TERKEJAR ! 01 unggul dengan 9,5 Juta suara",Wkwkwk makin nyungsep
29-04-2019 11:39,puanazzzbunk,"Situng KPU 50%, Begini Peta Suara Jokowi vs Prabowo di 34 Provinsi",Kalah lo wok
29-04-2019 11:32,bukan.salman,Apa Komentar Mulan Jameela Soal Dirinya Dikabarkan Lolos ke Senayan?,Yg milih bodoh
29-04-2019 11:31,funrise.1,Anies soal Banjir di Jakarta: Jumlahnya Kecil tapi di Medsos Ramai,Yg penting seiman
29-04-2019 11:20,Sobat.Gurun,"Muram Saat Prabowo Deklarasi, Sandi: Saya Panas Tinggi dan Grogi",Kwkkwkwk rugi bandar
29-04-2019 11:19,albetbengal,"Normalisasi Sungai, Kempupera Minta DKI Segera Bebaskan Lahan",Banjir gpp yg penting gubernurnya seiman
29-04-2019 11:17,stealthmania,Syaikhu PKS Ngebet Banget Ingin Jadi Wagub DKI?,Cari proyek
29-04-2019 11:14,nadaramadhan20,Asisten Pribadi Sebut Prabowo Bisa Bicara dengan Nyamuk dan Semut,Suruh gabung avengers aja
29-04-2019 11:06,jpnn.com,"Di Depan Emak-Emak, Ustaz Sambo Beberkan 10 Kecurangan yang Untungkan Jokowi",Bagus bgt jidatnya
29-04-2019 10:51,portaljabar,"Video Oke Bro, Jabat Tangan Prabowo Di Akun Instagram Sandiaga Uno",bodoh kok bangga
23-04-2019 17:22,extreme78,Ada Mesin Detektor hingga Parkir Khusus Tamu Rumah Prabowo di Kertanegara,Wkkwwkkqqkkqk presiden jadi2an
18-04-2019 09:59,nadaramadhan20,"Yakin Prabowo Menang 57%, Amien Rais: Kita Buat Survei Diam-diam",Survei kok diam2
16-04-2019 16:01,wardady,"Setelah Viral, 3 Remaja Yang Cancel Orderan Ojol Karena Jelek Minta Maaf",Pasti pendukungnya wowo
11-04-2019 12:25,wolfvenom88,"Kampanye Solo Buktikan Jokowi Sudah Jatuh, Prabowo Menang,Legitimasi Jokowi Ambruk",http://konfrontasi.com/content/nasional/ratusan-ribu-warga-banjiri-kampanye-akbar-prabowo-subianto-di-solo Ngentiauw lah sumurnya
11-04-2019 10:49,pasti2periode,"Hoaks Keraton Jogjakarta Menolak Kedatangan Jokowi dan Megawati, Benarkah?",siapa bilang di tolak... ini bukti nya.. https://s.kaskus.id/images/2019/04/10/1313041_20190410054553.jpg Baca beritanya dulu geblek. Semua diterima sultan
10-04-2019 10:00,VolkswagenPutih,"#JusticeForAudrey, Viral Siswi SMP Dikeroyok Belasan Siswi SMA di Pontianak","CMIIW. komisi perlindungan anak malah berharap ada jalan damai, bukannya menegakkan keadilan. usut punya usut, orang tua pelaku adalah calon pejabat. yah, pasti pikiran kita sama. HUKUM SUDAH DIBELI. Partai apa"
08-04-2019 09:27,ranttalker,"Tanggapi SBY, BPN: Seluruh Agama Hadir di Kampanye Akbar Prabowo",Betul. Kan ada koh hashim yg non muslim
05-04-2019 22:36,sorken,Sandiaga Sebut Prabowo Sakit karena Terlalu Banyak Berbicara,Koq om wowo sering sakit ya tiap jumat lagi... Biar bisa bolos jumatan
05-04-2019 22:34,secretboyxx,Survei BPI: Elektabilitas Prabowo-Sandi Susul Jokowi-Maruf.,Ngbaik lah. Ini lembaga survei dari mana
05-04-2019 22:33,totongJKW,Prabowo Tak Pernah Ambil Uang Pensiun dari TNI Sejak 1998,Ternyata pecatan dapat pensiun juga
05-04-2019 11:40,becakmini.v7,Said Iqbal: Prabowo Janji Pilih Menteri Tenaga Kerja dari Kelompok Buruh KSPI,Coba dong share foto rumah mewahnya si said iqbal. Biar kampret pada mingkem
05-04-2019 11:32,totongJKW,Luhut Dinilai Mulai Panik Elektabilitas Capres 01 Merosot,Berita coli kampret
05-04-2019 11:19,pgcililitan,ada apa dengan kondiisi bapak prabowo,Stroke ringan
05-04-2019 11:13,anying.kau,"Jokowi Hujan-hujanan, Prabowo Sakit",kalo mbandingin itu yg fair donk masak yg muda di adu sama yg tua? mau kalian dibandingin maruf sama sandi adu renang di danau sunter? Lo liat tuh jagoan lo bibirnya makin miring. Stroke ringan bro
05-04-2019 11:07,albetbengal,"BPBD DKI Tak Lagi Informasikan Banjir, Pejabat Saling Lempar",Wkwwkwkkw bodoh
05-04-2019 10:56,gutssy,Menteri PUPR: Normalisasi Sungai di Jakarta Berhenti Sejak 2 Tahun,Gpp banjir asalkan seiman
05-04-2019 10:45,buncitbubar,Komunitas LGBT Deklarasikan Dukungan untuk Memenangkan Prabowo-Sandi,Koordinatornya si didit nih
04-04-2019 12:37,albetbengal,"Kena Flu, Prabowo Subianto Batal Kampanye di Pangkal Pinang",Suruh ngerokin istrinya aja pak
03-04-2019 06:38,DomCobbTotem,Survei LSI Denny JA: Selisih Elektabilitas Jokowi dan Prabowo 20%,Lebih akurat tuh jumlah kampanye... Coba lihat kalau pak jendral kampanye. Jendral pecatan?
30-03-2019 08:21,Muzmuz,"Prabowo: 17 April Bawa Lontong, Ketupat, Sarung, Kita Lebaran di TPS","Kalo ditanyain ""kapan nikah?"" Gimana wok"
28-03-2019 17:26,winarwi,"Foto Mesra Jokowi-Iriana Disentil Gerindra, Tapi Disindir Balik Warganet",Maklum lach krn Junjungannya Mereka kan gak ada yg bs diajak mesra.... pertanyaan sy... First Lady nya siapa yach klo beliau terpilih?(amit2x jabang bayi) Ratna sarumpaet
28-03-2019 16:59,winarwi,Caleg Partai Gerindra Ditangkap Usai Beli Sabu di Batam,bodoh
28-03-2019 16:55,orangiseng2001,"Prabowo Ungkit Hasil 2014: Saya Diperlakukan Tak Adil, Apa Saya Berontak?",Elu mewek ke pengadilan trus mengundurkan diri
28-03-2019 12:01,bungtari,"Kampanye Baju Putih, Jokowi Dinilai Hendak Simbolkan Dirinya Bersih",Bukannya dari sll pake putih
28-03-2019 11:36,albetbengal,"Survei indEX: Masuk Putaran Akhir, Jokowi-Ma�ruf Tinggalkan Prabowo-Sandi",Nasbung bodoh acuannya google trends kok. Tenang aja
28-03-2019 11:32,n4z1.v8,"Amien Tuding Ada Jin di Hotel Borobudur, Komisaris JIHD: Statement Sampah!",Tuntut ke meja hijau
28-03-2019 11:30,puanazzzbunk,"Prabowo Gelar Kampanye Akbar di GBK 7 April, Jokowi 13 April",enaknya ngapain ya wok biar bs ngangkat elektabilitas barang 5% gitu?? Ngelamar titiek pas kampanye akbar
27-03-2019 17:48,salabint,Penumpang yang Makan dan Minum di Kereta MRT Akan Diusir,Minum masak gak boleh??? Klo ada anak2 bijimane???? Pekok.... Ini contoh panasbung kere yg blm pernah ke luar negeri
26-03-2019 17:28,zukr,"Sandiaga ke Emak-emak: Kaki Saya Jangan Dielus-Elus, Bikin Nggak Konsen",Anjrit ngomong apa sih wkwkwkkw
26-03-2019 17:27,vanyojuve,Sah! Tarif MRT Jakarta Jadinya Rp 10.000/10 Km,yg ditakutkan bnyk kampret alay dan emak2 kampret seperti ujicoba kemaren makan di stasiun kencing sembarangan dll Harusnya dimahalin biar kampret gak sanggup bayar
26-03-2019 17:18,winarwi,"Disebut Utusan Allah, Prabowo Berikan Kemejanya ke Mantan Bupati Merauke",Suruh jadi imam sholat dulu
26-03-2019 17:14,YourLord,"200 Relawan Prabowo-Sandiaga di Aceh Mengundurkan Diri, Balik Dukung Jokowi-Amin",Kwkwkw kampret insaf
26-03-2019 17:09,salabint,"Beredar Video Prabowo Minum Kopi Saat Azan, BPN: Tidak Salah","Yg muslim segera ambil air wudhu, yg non muslim ngopi"
26-03-2019 16:57,ferina.,"Biaya Operasi Plastik Ratna Sarumpaet Rp 90 Juta, Dicicil Tiga Kali",Bantuin bayar cicilan lah wok
26-03-2019 16:55,buncitbubar,"Ratna Sarumpaet: Saya Cantik dari Lahir, Hanya Sedot Lemak",Cepetan jadiin istri lo wo
26-03-2019 16:54,salabint,"Tak Hanya Putri Duyung Ancol, 5 Patung Ini Juga Ditutupi Kain",Bikin engas panasbung
26-03-2019 16:48,fitriasarina,"Hoax Penganiayaan Dibeberkan di Sidang, Ratna: Saya Sudah Minta Maaf Kan","Wok, ini cewek lo gak lo tengokin wok?"
26-03-2019 16:46,nyairara,Kata Prabowo: Pusat Suka Lupa Sama yang di Timur,Mantan mertua lo itu tong
26-03-2019 16:44,nyairara,Prabowo Redam Massa yang Gaduh: Kalian yang Bicara atau Saya?,Remuk redam
26-03-2019 14:56,nataliuspigai.,"Patung Putri Duyung Kini Pakai Kemben, Manajemen Ancol Sebut Penyesuaian Budaya",Budaya arab ya?
26-03-2019 11:30,monfai,Dosen UIN Lampung Ditahan Atas Kasus Cabul,Pasti pendukung capres yg itu
26-03-2019 11:22,mendadakranger,"Beredar Video Prabowo Minum Kopi Saat Azan, BPN: Tidak Salah","gak ada yang salah. cuma orang2 pingin mendengar ucapan dari pak wowo ""azan berkumandang kita ishoma dulu, nanti imamnya biar saya"". nah kalo gini beliau bakal menang telak 99,99% :1thumbup Kwkwkwkwkwkw"
26-03-2019 10:52,aldisitepu1,"MRT Beroperasi, Sri Mulyani: Investasi yang Berharga Untuk Jakarta",Rakyat gak makan mrt
26-03-2019 09:58,jepanghebat,"Capai 13 Juta Subscriber, Atta Halilintar Klaim Jadi yang Tercepat di Asia",Aahhhsiappp
26-03-2019 09:19,karikai04,WNI Simpatisan ISIS di Suriah: Kami Minta Bantuan Bisa Pulang ,Sono minta bantuan prabowo
25-03-2019 20:02,anak.jaman.now,Tarif MRT Ditetapkan Cuma Rp8.500 per Orang,Harusnya dimahalin biar panasbung gak bs naik
25-03-2019 19:59,brigadir70,Sandiaga Uno Akhirnya Dilamar Perempuan Muda yang Siap Menjadi Istri Kedua,Prabowo dan anaknya tetap jomblo
25-03-2019 19:58,DomCobbTotem,"Prabowo Izin Ngopi Saat Jeda Azan, BPN: Salatnya Setelah Kampanye",Setelah kampanye tidur dong
25-03-2019 19:54,GeorgeSatan,"Janjikan Pemerintahan Bersih, Prabowo akan Minta Calon Pejabat Bersumpah",Bukannya dari dulu selalu disumpah? Gblk!
25-03-2019 19:49,sorken,"Masih Sepi, Massa Berlatih Yel-yel Sambut Prabowo di Manado",Kwkwwkkw bodoh
25-03-2019 19:46,jpnn.com,Kenapa Harus Pak Jokowi yang Meresmikan MRT Jakarta?,Kontribusinya wan abud apa
25-03-2019 19:43,albetbengal,"Sejam Kampanye, Agus Harimurti Tak Sebut Prabowo - Sandi",Rel ganda bos
25-03-2019 19:40,president.trump,"Prabowo Izin Ngopi Saat Jeda Azan, BPN Jelaskan Duduk Perkaranya",Adzan = waktu minum kopi
24-03-2019 16:47,ranganu,"Ngamuk� di Yogyakarta, Analis: Jokowi Mentalnya Jatuh, Tak Pantas Pimpin Indonesia",Diem dikatain Marah dikatain Nasbung emang bodoh
23-03-2019 13:22,ayah.rojak,"Unggah Foto Bareng Didit yang Ultah Ke-35, Prabowo Beri Doa","Salut buat pak prabowo anaknya seperti itu tapi beliau menghormati padahal beliau bekas seorang jendral yang terkenal keras, applause buat ketegaran pak prabowo Coba dong sekali2 mas didit muncul di media"
23-03-2019 11:33,Joko.Widoddo,"VIDEO VIRAL, Mobil Dinas TNI Pajero Angkut Sembako Dekat Spanduk Prabowo-Sandi","Kalau tni mah bersih dan netral. Hanya mendukung nkri. Juga tni jauh dari korupsi, lum pernah denger kpk nangkap koruptor dari tni. 1. Marsma TNI FA Marsekal Pertama TNI FA adalah jenderal terbaru yang terseret dalam pusaran kasus dugaan korupsi. Perwira tinggi bintang satu di TNI Angkatan Udara it"
23-03-2019 11:13,fahm182,"Tulis Status FB Jokowi Main Dukun, Pria di Sumut Ditangkap",Yg ge alamin sendiri...isu cina msh ada efeknya...beberapa kenalan msih percaya klo jokowi cina n kristen...msk islam cuman gegara pengen jadi presiden... Wwkwkwk bego bgt kenalan lo
22-03-2019 12:40,joop870,"[Video] Digrebek Suami, Istri Tionghoa Selingkuh Dengan Brondong Pribumi",Hoax tuh Mana mungkin cewe genetik unggul mau ama pribumi miskiner tukang kredit Kont0lnya lebih gede bray
22-03-2019 10:00,prabowosandii,Tak Ada Ujian Nasional (UN) di Amerika Serikat - Kok Bisa ??,Di arab ada un gak
21-03-2019 18:34,counterjihad.01,Rizieq Shihab Serukan Perlawanan Jika Ada Kecurangan Pemilu,Niatnya mau bikin rusuh
21-03-2019 18:29,ujang silet,4 Fakta Pedagang Pecel Lele yang Dihajar Pelanggan,"nomor 5 , pelakunya itu nasbung atau nastak ? :entahlah Pasti nasbung lah"
21-03-2019 18:20,sorken,Anies Sebut Infrastruktur Rp 571 Triliun Akan Dibangun Lewat Utang,Hutang boleh asalkan seiman
21-03-2019 18:16,pinpol,"Sandi Akan Hapus UN, Bisakah?",Baguslah. Kalo perlu panasbung gak usah sekolah sekalian biar tambah bodoh
20-03-2019 13:01,counterjihad.01,"Hukum Membunuh Cicak dalam Islam dan Dalilnya, Benarkah Dapat Pahala?",Cicaknya kafir
20-03-2019 11:35,salabint,"Sandiaga Uno Janji Liburkan Sekolah Selama Ramadan, Ini Kata Ahli",Mantap tuh bisa main PUBG sebulan penuh
19-03-2019 17:08,pungcray,"Lama Buat Pesanan, Penjual Pecel Lele Dikeroyok Pembelinya di Bekasi",Panasbung lapar
19-03-2019 17:05,saya.kira,BMKG: Waspadai Gelombang Tinggi Hingga 4 Meter!,Waspada
19-03-2019 17:02,anarchy0001,Gusti Randa Jadi Plt Ketua Umum PSSI,Bagus gak nih
19-03-2019 16:59,koreksi.ya.cuy,"Profil Ramyadjie Priambodo, Kerabat Prabowo yang Ditangkap Polisi",Cipit ya
19-03-2019 16:52,anarchy0001,"Hingga Februari, Mesin AIS Jaring 11 Ribu Konten Terorisme",Yg bikin dan baca kontennya pasti pendukung capres yg itu
19-03-2019 16:47,n4z1.v8,"Sebut Desa Pancawati Terisolir, Ferdinand Hutahaean Diskakmat Warganet",Si culun lagi
19-03-2019 16:44,sutanoloan,"Prabowo Minta Pendukungnya Nginap di TPS, Pro-Jokowi akan Siapkan Tikar",Suruh bobol atm dulu biar bisa nginap di hotel
19-03-2019 11:30,silents.,"Eksepsi Ditolak, Ratna Sarumpaet: Ikhlas Sama Negeri Gua",Ngentiauw nih gengnya wowo gak bantuin sm sekali
19-03-2019 11:25,silents.,"Nama Khofifah Muncul di Bursa Caketum PPP, Begini Prosesnya di Mukernas",Bagus lah
18-03-2019 15:21,nyairara,Rocky Gerung Kaget Ma ruf Lebih Percaya Diri daripada Sandi,Tolong tanyain itu si rocky kenapa blm nikah
18-03-2019 15:13,nyairara,Kubu Prabowo Sebut Infrastruktur Langit untuk Orang Tua Menuju Akhirat,Si culun ini suruh cium tangan luhut dulu
18-03-2019 14:28,bangzaldi,"Sejumlah Fakta Kriminal Ramyadjie, Keponakan Prabowo Subianto yang Bobol ATM",Langsung tidak dianggap saudara
16-03-2019 10:14,sinophobia,"Fakta Baru Penangkapan Romi: Lari Keluar Hotel, Dikejar Lima Petugas KPK",Wkwkwkw bodoh bgt
16-03-2019 09:41,andika.1stravel,"Tengku Zul: Sampai Kiamat Nggak Terima, Kalau Hasrat Sudah Mau ya Mesti",Ini lah pendukung capres 02 Pengennya ngentiauw melulu
15-03-2019 10:57,wardady,Habib Bahar Bin Smith Lontarkan Kata-kata Dendam Kepada Jokowi,Kampret teladan
15-03-2019 10:50,UrangLeweng,Tengku Zulkarnain Bolehkan Paksa Istri Hubungan Intim,Wkwkwk
15-03-2019 10:37,goahraesa,Anies Kick Off Pembangunan Jakarta International Stadium,Rakyat gak makan stadium
15-03-2019 10:17,wokwikwokwik,"Prabowo Hentikan Pidato saat Azan: �Kita Break Dulu, Mau Minum Kopi�",Berpikir positif aja. Mungkin mau batalin puasa
15-03-2019 09:58,anying.kau,"Dari Sumbar sampai Jabar, Sampai Kapan Caleg Cabul Akan Lari?",Jabar dan sumbar sarang kampret
15-03-2019 09:47,Herdwi78,"Gembar-gembor Mahzab Hanafi, Mantan Gubernur Aceh Malah Terjerat Kasus Suap",Coba ditanya dia pendukung capres mana
13-03-2019 13:51,apa.store,"Istri Terduga Teroris Meledakan Diri, Dua Anaknya Ikut Meninggal Dunia",Wkwkwkwk
13-03-2019 12:19,mendadakranger,Anak Terduga Teroris Ikut Tewas saat Ibunya Meledakkan Diri,Wwkkwkwwk
13-03-2019 12:12,Muzmuz,BPN : Hasil Google Trends Prabowo-Sandi Menang 67%,Ayo sujud syukur
13-03-2019 11:52,baikgaring,BREAKING NEWS: Istri Terduga Teroris Sibolga Meledakkan Diri Pakai Bom,Pasti ini pendukung capres yg itu
13-03-2019 11:36,baperan8,Caleg PKS di Pasaman Barat Diduga Cabuli Anak Kandung selama 14 Tahun,Saya seneng kalo ada berita kayak gini
12-03-2019 17:16,sposolo,"Viral Video Prabowo Marah Sampai Pukul Keamanan, Ini Penjelasan Jubir BPN",Pengamanan kok keliatannya pgn ikut salaman
07-03-2019 10:53,gabla,Marbot Musala di Tangsel Cabuli Bocah Usai Pulang Ngaji,Coba ditanya dia pendukung prabowo atau jokowi
25-02-2019 15:58,unicorn.phenex,"Cabuli 9 Siswi di Kelas, Guru Agama BS Ancam Tak Beri Nilai",Coba ditanya itu pendukung capres mana
22-02-2019 17:13,ditusuk.teman,"Jurnalis Diintimidasi di Munajat 212, FPI: Laskar Salah Sasaran",Wkkwwk bodoh
21-02-2019 18:35,mantanpanasbung,"Jokowi Jenguk Ani Yudhoyono, Disambut Hatta Rajasa dan AHY",jenguk orang sakit udah pas dateng sama istri dan anaknya... :D Betul bgt. Apalagi kalo pas ada undangan kondangan. Gak banget kalo pergi sendirian
21-02-2019 10:31,ivoox.id,MUI Sayangkan Parpol Berbasis Islam Porak Poranda,Nyindir pks?
21-02-2019 10:05,andika.1stravel,"Direstui FPI dan Pemprov, Restoran Nasi Campur Babi Tebet Akhirnya Berizin",Coba tuh fpi suruh incip
20-02-2019 10:11,dekomandos,"Eks GAM Bilang Ada Pekerja China di Lahan Milik Prabowo, Apa Kata BPN",2004 wowok dpt hgu tambang. 2008 sama wowok di alihkan ke tgn ridlatama grup 2012 klw ngga salah sama ridlatama grup di jual ke asing winning churchill. Berhubung hgu ngga bs di jual ke asing mrk malsu2 data akhirnya ketahuan iup nya di cabut sm gub kaltim saat itu si noor. 2013 churchill marah
20-02-2019 10:06,buncitbubar,Tokoh Agama Usulkan Internet Mati Total 24 Jam Saat Nyepi,Panasbung pada protes gak tuh?
20-02-2019 10:02,raven12,"Aceh Juara Miskin, Syariat tak Berfungsi?",Semua butuh proses dalam pelaksanaannya. Setidaknya Syariat sudah tegak disana. Halah tai
19-02-2019 13:34,puanazzzbunk,Paspampres Bicara Pengamanan Jokowi Saat Datang Sendiri ke Tambak Lorok,Sebab dikira tukang nasi goreng keliling yg jualan di proyek. Wajahnya kan wajah orang susah yg selalu nyusahin. Ya elah mulutnya Gak malu tuh sama avatar lo?
19-02-2019 10:55,mahkotax.putra,BPN Prabowo Usul Hapus Sesi Video-Pertanyaan Panelis di Debat Ketiga,Banci
19-02-2019 10:53,sandiuntot,"Prabowo kuasai 340.000 Ha (5x luas DKI), Hashim 3 Juta Ha, Cendana 3,6 Juta Ha",Prabowo.. msh kalah jauh toh... sama adiknya... :o https://s.kaskus.id/images/2019/02/18/10070819_201902181245350837.jpg Kok wajahnya kayak org arab
19-02-2019 10:43,silents.,Walhi: Lahan Prabowo Kemungkinan Didapat di Era Orde Baru,Warisan mertua
19-02-2019 10:41,putri..mia,"Bobby, Kucing Ningrat Milik Prabowo yang Setia Temanin Tuannya Sebelum Debat Capres",Pasti kesepian
19-02-2019 10:40,7periode,Masyarakat Sumbar dan Aceh Tak Berminat Pilih Jokowi-Ma ruf,Lain kali sumbar sama aceh gak usah dibangunin infrastruktur
19-02-2019 10:02,venomwolf,Tim Prabowo: Jokowi Harusnya Tak Pakai Istilah Unicorn Tapi Startup Saja,Tukang ngeles
18-02-2019 09:33,beyoungcarerock,"BPN: Prabowo Nggak Gagap Unicorn, Industri Digital Bukan Tema Debat",Ngeles aja lu tong
17-02-2019 14:55,bukan.salman,"Divestasi Freeport, Eks Menteri ESDM Sebut Pemerintahan Jokowi �Lebay�",Menteri pecatan dan cagub gagal
17-02-2019 14:36,kabar.kabur,Massa Umat Islam Doa Bersama di Monas Diguyur Hujan Deras Berjam-jam Tetap Bertahan,Mantaap Kalau petir sambar menyambar juga tetap bertahan yah Lumayanlah kena sengatan dikit :lehuga Wkwkkwk mati sangit... eh mati syahid
17-02-2019 10:46,andika.1stravel,"Sudah Diundang, Panitia Sayangkan Prabowo Tak Hadir di Tanwir Muhammadiyah",Takut disuruh jadi imam
16-02-2019 14:56,silents.,"Dikaitkan dengan Puskaptis, Husin Yazid: Indomatrik Berdiri Sendiri",Mantap Auto sujud syukur nih
16-02-2019 14:53,silents.,Soal Jarak Jadi Alasan Prabowo Tak Hadir Tanwir Muhammadiyah,Takut disuruh ngaji
16-02-2019 14:41,silents.,"BPN Prabowo: Track Record Indomatrik Bagus, Hasil Surveinya Akurat",Udah boleh sujud syukur blm nih?
15-02-2019 19:03,kabar.kabur,"Didit Hediprasetyo Anak Prabowo Subianto, Hadiri Ulang Tahun Paris Hilton",Cucok cyn!!!
14-02-2019 14:19,kabar.bumi,"Miris, Kembali Terjadi Hoaks Ribuan Orang Sambut Prabowo di Bandung",Wkwkwkwkw bodoh
14-02-2019 14:01,jaiynrais,Takmir Keberatan Rencana Prabowo Jumatan di Masjid Kauman Semarang,Coba suruh jadi imam
14-02-2019 10:02,victimofgip44,"Adik Ahok: kimpoi Saja, Tak Perlu Berlindung Pakai Kata Mama",bodoh cari panggung
13-02-2019 10:39,silents.,Pesan Ahmad Dhani Untuk Karni Ilyas: Jangan Tulis Saya Dibui,Masuk fenjara ? :imlek https://s.kaskus.id/images/2019/02/13/50868_201902130832340282.jpg https://s.kaskus.id/images/2019/02/13/50868_201902130834320965.jpg Wkwkwkkwkwkw
13-02-2019 10:29,bukan.salman,Kuasa Hukum Sebut Ahmad Dhani Bukan Tahanan di Surabaya,Sukurin
13-02-2019 10:19,ajgmj.asli,"Elite BPN Jadi Tersangka, Fadli Zon : Kami Akan Bela Habis-Habisan !!!",Salah juga lo belain
13-02-2019 10:04,satyabot,"Bantahan Subkhan yang Nangis Curhat ke Sandi: Saya Petani, Bukan Timses",Bodo amat
13-02-2019 10:02,karikai04,"Gak Terima Prabowo-Sandi Selalu Nomor 2, Fadli Zon Suruh Lembaga Survei Bunuh Diri",Udah boleh sujud syukur gak neh
10-02-2019 11:26,cloning.ortillo,"Posko Prabowo-Sandiaga di Solo Kemalingan, Ada TV Hilang",Kalo maling biasanya kampret
10-02-2019 11:02,surgaterrorist,"Keliling CFD, Komunitas Peduli Hijab Tolak Perayaan Valentine",Valentine no Poligami ayo
07-02-2019 20:09,pelindungsapi,"Fadli Zon, Akademisi Cerdas Pencinta Budaya",Mas danang the comment
07-02-2019 18:51,Xtyb,"Survei LSI: Elektabilitas Jokowi-Ma ruf 54,8%, Prabowo-Sandi 31,0%",selisih 9% dan terus menipis Apanya yg 9 persen?
04-02-2019 17:30,jpnn.com,Amien Rais Beber Pertanda Keberpihakan Tuhan untuk Prabowo-Sandi,kayak temennya Tuhan aja Wkkwwkwkwkwkw
04-02-2019 17:09,jpnn.com,"Jangan Sok Tahu soal Wacana Motor Masuk Tol, Ini Penjelasan Lengkapnya","Gpp, biar panasbung seneng"
04-02-2019 15:02,historia.id,"Rob Allyn, Konsultan Asing Prabowo si Pemecah Belah Indonesia",Antek asing yg sesungguhnya
04-02-2019 12:40,kbeniadip,"Lieus Sungkharisma, penguasa rutan yang semprot sipir yang sesuai prosedur!",Nguik nguik nguik
31-01-2019 19:33,singa.banci,Polisi Sebut Kemungkinan Tersangka Baru di Kasus Hoaks Ratna,kyknya dokter gigi bakal kena neh Amin
31-01-2019 16:04,ikardus,Pukul 15:00 WIB: Rupiah Tetap Perkasa di Rp 13.970/US$,Rupiah kuat pada diem Rupiah lemah pada bodoh2in jokowi
27-01-2019 19:20,banicebong,"Rocky Gerung: Kesederhanaan Jokowi Cocok Sebagai Kepala Keluarga, Bukan Kepala Negara",Fun fact: rocky ini 52 tahun dan blm nikah
17-01-2019 13:46,albetbengal,Selisih Jokowi-Ma ruf Vs Prabowo-Sandi di 5 Survei Terbaru,tenang masih ada 3 bulan menuju 17 April 2019 :o Pak Beye dan team belum turun langsung tuh kampanye nya :D Turun tangan jg gak ada efeknya. Kader dan pemilih demokrat udah dikit. Kampanye pun setengah hati karena ahy gagal jadi cawapres. Duit pun males ngeluarin. Congornya andi arief sering blun
17-01-2019 10:21,albetbengal,Selisih Jokowi-Ma ruf Vs Prabowo-Sandi di 5 Survei Terbaru,Jadi mundur gak neh?
16-01-2019 11:23,kabar.kabur,"Kronologi Lucinta Luna Murka pada Hafiz Fatih Seferagic, Isi Chatting Dibongkar",Wkwkkkw si bencong di kubu kampret
15-01-2019 18:07,becakmini.v7,Ustaz Sambo Menilai Bacaan Qulhu dan Alfatihah Prabowo Bagus,Kalah sama anak sd
14-01-2019 07:08,pungcray,"Ustaz Arifin Ilham Tulis Pesan Kematian di Facebook, Doa dan Tangis Pun Mengalir",wowo dah jenguk lum si? serius nanya...?!! Udah kok
02-01-2019 19:41,LordFaries,"Panas! Dituding Belum Sumbang Dana Kampanye Prabowo-Sandiaga, Begini Respons PKS",Bantu doa sudah lebih dari cukup
31-12-2018 14:13,kodok.nongkrng4,Uni Emirates Arab Nyalakan Kembang Api Terbesar di Dunia,Indonesia lebih islami
30-12-2018 20:01,janganbully,Gisel Tak Kuasa Menahan Haru Dengar Gempi Menyanyi Untuk Mama ,Gempi pendukung prabowo bukan?
23-12-2018 08:07,venomwolf,"Soal Pertemuan SBY dan Prabowo, Natalius Pigai: Aura Kemenangan Prabowo Kian Terasa",Bagus lah Langsung deklarasi kemenangan trus sujud syukur
14-12-2018 14:31,manwarsalahudin,"Jadi Perbincangan Hangat, Akun Instagram Artis Faye Nicole Jones Hilang","Nama lahir Lengkap : Faye Nicole Jones Nama Populer : Faye Nicole Tempat Tanggal Lahir : Berlin, Jerman, 9 Oktober 1999 Umur : 19 Tahun (2018) Agama : Islam Kebangsaan : Indonesia Pekerjaan : Aktris dan Model Tahun Aktif : 2013 - Sekarang Nama Pacar : - Akun Instagram asli : @fayenicolee_ ehem ehem"
13-12-2018 13:00,venomwolf88,"Tanggapi Masalah Thahjo, Ustaz Tengku : Sekalian Bareng-bareng Bos Anda Juga Mundur",Sumbernya k0ntol lah
13-12-2018 12:58,kasbos,Anies Pastikan Nikah Massal Kembali Digelar Malam Tahun Baru 2019,Wowo suruh ikut
13-12-2018 10:48,politickntricks,Mata Najwa Rahasia Keluarga Jokowi : Jokowi Ternyata Tidak Pernah Ucapkan I Love Yo,"cebong silahkan mencontoh kehidupan junjungannya :D Tentara pecatan, cerai, anak melambai, pendukungnya radikal, partai koalisi gak all out mendukung"
13-12-2018 09:39,andika.1stravel,"Ditangkap Densus 88, Ibrahim Kerap Dijemput Pria Misterius",Satu kampret terciduk
12-12-2018 18:41,Muzmuz,PKS Ungkit Tak All-out di Pilpres Jika Kursi Wagub DKI Belum Jelas,"Tau deh ana lama lama kesel juga sama gerindra dki, kok ya nafsu banget sih sama jabatan, ini pengaruhnya bukan kader yang di dki saja tapi nasional Kwwkkwkw bodoh"
12-12-2018 11:58,ivoox.id,La Nyalla Ngaku Embuskan Isu Jokowi China-PKI dan Sebar Obor Rakyat,Tapi kenapa yah nasbung sampai saat ini nganggap jokowi antek PKI? Karena mereka bodoh
12-12-2018 11:22,albetbengal,Presiden Dijadwalkan Lakukan Peletakan Batu Pertama Tol Aceh,Kampret gak perlu lewat tol. Roda dua mana boleh lewat tol
12-12-2018 11:12,jendral.kardus,Dahnil Anzar: Prabowo Jujur Masih Perlu Belajar Agama,Belajar setiap 5 th sekali :malu: Rujuk sama mantan istri 5 tahun sekali juga
12-12-2018 10:09,difitnah.teman,"Video Prabowo Wudu Beredar Lagi, Gerindra: Mereka Panik",Junjungan kampret emang aneh
12-12-2018 10:08,Lampyridae,"Usai Stop Iklan Shopee, Muncul Dukungan Maimon Herawati Jadi Personel BLACKPINK",Kampret bodoh
02-12-2018 20:12,bangzaldi,Ini Penyebab Demokrat Absen di Reuni 212,Wkkwkwkw
02-12-2018 10:34,bona1707,Peserta Reuni 212 Teriak Takbir Saat Lihat Awan Mirip Lafaz Allah di Monas,Ini termasuk pinter apa bodoh
01-12-2018 11:12,media.dakwah,Oknum Guru di Aceh Timur Cabuli dan Setubuhi Siswinya di Sekolah,Aceh gitu loh
22-11-2018 11:26,pungcray,"Harga Sembako Digoreng , Kirana Larasati Belanja Rp 50 Ribu","Mbaknya lupa beli minyak goreng dan beras. Lupa beli bumbu dapur lainnya seperti garam, merica, penyedap rasa dll (mungkin asumsinya udah ada barang2 itu di rumah). Itu 50rb belum termasuk gas elpiji juga ya. Dan kalo liat videonya, beli tahu kebanyakan. Belum ongkos bensin dari rumah ke pasar. G..."
10-11-2018 18:03,l4d13put,"Dulu Dibui karena Pidato PRRI , Kasman Singodimedjo Kini Pahlawan",Kasman singodimedjo = Cash man lion on the table
10-11-2018 11:05,otak.100cc,Habib Rizieq: Polisi Saudi Putuskan Saya sebagai Korban,Panasbung delusi
10-11-2018 11:02,kresna.duta,Beredar Video Prabowo Salah Sebut Sila ke-4 Pancasila,Dimaafkan aja Kalo jokowi yg salah baru kita bodoh2in
07-11-2018 12:04,anying.kau,Kemlu: Rizieq Diperiksa Aparat Saudi karena Aduan Pasang Bendera ISIS,Demo raja salman
01-11-2018 15:43,politickntricks,"Target Imunisasi MR Tak Tercapai, Diperpanjang Hingga Akhir 2018",Coba dicek itu yg gak divaksin pendukung prabowo bukan?
29-10-2018 18:51,romaningusan,"Junjung Empati, Jangan Sebar Hoaks dari Musibah Jatuhnya Lion Air",Si tofa lemon tuh tadi sebar hoax trus hapus tweet
27-10-2018 10:41,albetbengal,Strategi kampanye senyap ala SBY demi menangkan Demokrat dan Prabowo-Sandi,Kampanye sambil tidur
26-10-2018 12:36,paman.happy,Putra Prabowo Pernah Sarankan Sang Ayah untuk Ganti Kostum,Mantap tuh dapat saran dari desainer paris
23-10-2018 11:39,albetbengal,"Prabowo Sebut 99% Rakyat RI Hidup Pas-Pasan, Benarkah?",Tampang lo pas pasan
22-10-2018 12:10,stealth.mode,"Capaian Imunisasi MR: Papua Barat Tertinggi, Aceh Masih 6,43 Persen",Wkwkwkw aceh gitu loh
04-10-2018 22:44,trirestya,Polisi Tangkap Ratna Sarumpaet di Bandara Saat akan Terbang ke Cile,Ini negara hukum
03-10-2018 11:35,beyoungcarerock,"Polisi: 21 September, Ratna Sarumpaet ke RS Bedah Bina Estetika Menteng",Kasian pulang rumahnya pake blue bird
23-09-2018 17:43,ndoromuda,"Sandiaga Kaget, di Kota Solo Harga Semangkuk Soto Rp5 ribu",Itu dulu gan Sekarang di solo serba mahal dan banyak penjual makanan yang gulung tikar karena sepi pembeli ditambah modal untuk membeli bahan masakan juga semakin tak terjangkau Sudah banyak gan rakyat solo yang menjerit tapi ga keliput media saja Elu aja yg menjerit
20-09-2018 23:14,BMAGLY,Para Konglomerat di Belakang Jokowi dan Prabowo pada Pilpres 2019,hiii ngerii ada yg didukung napi pembunuhan :berdukas wah om TOMMY SUHARTO di kubu wowok ya.... :imlek2 Ngeri ya duitnya gak habis2
13-09-2018 19:14,InRealLife,"Prabowo: Saya Nyaman dengan NU, Islam yang Berdiri di Atas Tradisi Indonesia",Ntar pks ngambek wok
13-09-2018 18:29,sabaracinta,Foto Berbicara Akrabnya Prabowo dengan Keluarga Gus Dur,Disuruh jadi imam gak?
29-08-2018 07:31,shahrah018,"Diindikasikan Terima Dana Korupsi Idrus Marham, FDIK Minta KPK Periksa Ngabalin",Alumni KMP
24-08-2018 19:35,nyai.dasimah99,"Idrus Tersangka, Gerindra Pertanyakan Komitmen Antikorupsi Jokowi",Alumni timses wowo
14-08-2018 11:36,silents.,"Sempat Viral di Medsos, Tarif Kenaikan Rusun Cipinang Direvisi",Bereaksi kalo ada bullyan
13-08-2018 18:13,2019gantikardus,"Strategi Jitu, Jokowi Terkena Jebakan Batman",Masih ingat ramalan jayabaya? :) Ternyata SandiUno orang dalam Ramalan gan :) SoekarNO SoeharTO YudonoNO SandiaGO (2019) Tinggal RO tp kemungkinan Amin ROis (2024) Bantu...share gan :) Halah kntl
13-08-2018 18:00,otak.100cc,PKS: Tidak Masalah Aher Turun Jabatan Jadi Wagub Dki,Serakah dia
13-08-2018 17:55,junkrick,Kelakar Prabowo yang Tak Bisa Tidur karena Kelaparan Sebelum Tes Kesehatan,Belum pernah puasa
13-08-2018 17:17,icarduz,Densus 88 Tangkap 5 Terduga Teroris di Sumbar,Ingat sumbar ingat panasbung
13-08-2018 15:07,ikardus,"Lewat Tol Balikpapan-Samarinda, Warga Bisa Hemat Waktu 2-3 Jam",Terima kasih prabowo-sandi
12-08-2018 18:33,ermamelati,"Demokrat Jatim: Wis Wayahe Prabowo Presiden, Saatnya yang Muda Memimpin",Wowok 25 tahun bray
12-08-2018 13:48,fitriasarina,"Doa SBY: Ya Allah, Jangan Beri Jalan Mudah dan Lunak Bagi AHY-Ibas","Jalan lunak, kntl lunak"
11-08-2018 21:02,andika.1stravel,Andi Arief Sebut Elite Demokrat Terima Info Mahar Rp 500 M Langsung Dari Fadli Zon,Mantep bener lu zonk
11-08-2018 20:57,president.trump,Ani ke AHY : Tak Perlu Kecil Hati Bila Dibilang Anak Ingusan,Anak ingusan ditampol 500m
11-08-2018 20:48,2019gantikardus,Ratna Sarumpaet Serang Kiai Ma ruf Amin,Ini orang ngomongnya ngawur bgt ya
11-08-2018 20:42,kabar.kabur,Habiburokhman: Di Suhu 19 Derajat Saja Prabowo Buka Baju,Itu kok pks gak teriak2 tentang aurat ya?
11-08-2018 17:48,bane.,Mentertawakan Persiapan Asian Games di Jakarta via Meme,Mantap nih si uno malah kabur di menit2 akhir asian games. Pusing tuh gubernur arab
11-08-2018 17:45,bane.,"ILC Gelar Polling Prabowo-Sandi Vs Jokowi-Ma ruf, Hasilnya Mengejutkan",https://s.kaskus.id/images/2018/08/11/7005911_201808111138290252.png Mantap
10-08-2018 23:45,foxvenom88,Pengamat nilai Jokowi memperagakan jurus mahaguru perang Sun Tzu,Kasian Jokowi gk berdaya di ketek para ketua parpol koalisi Mahfud MD jelas lebih bersinar Pantat lo bersinar
10-08-2018 14:42,sandypsd,"Prabowo ""Diapit"" Sandiaga Dan AHY Saat",Demokrat gerbong kosong
10-08-2018 13:58,kucingnyapakrt,Ternyata Ini Alasan Demokrat Dukung Prabowo-Sandi,"semoga mas AHY dapat tempat Iya, di dalam kardus"
10-08-2018 12:19,kabar.kabur,Ibas: Jauhilah Sifat Fiktor (Fikiran Kotor),Wahai rakyatku
10-08-2018 11:37,emmanuel.macron,Ciuman Cak Imin untuk Ma ruf Amin dan JOIN yang Tetap Eksis,Mbah2 kampung? Lo gak tau track record beliau?
10-08-2018 11:26,turnbackidiot,Presiden PKS: Sandiaga Itu Santri di Era Post Islamisme,Ijtima ulama apa kabarnya tong?
10-08-2018 11:25,cebongjaya,Kader Demokrat di Daerah Tidak Solid Dukung Prabowo,Kehancuran demokrat
10-08-2018 11:14,kongkalingkong.,"Rapat Majelis Tinggi selesai, Demokrat dukung Prabowo-Sandi","Ingat!! Jangan menghina ulama, ya akhi!! https://s.kaskus.id/images/2018/08/10/10279163_20180810110126.jpg :salaman Kita lihat aja kampret satu ini bisa dipegang gak omongannya"
10-08-2018 11:08,trirestya,Muhaimin Terkejut Jokowi Pilih Ma ruf Amin,https://s.kaskus.id/images/2018/08/10/10220079_201808101106140987.png Mana nih orang?
10-08-2018 11:03,bukan.salman,"Rapat Majelis Tinggi selesai, Demokrat dukung Prabowo-Sandi","ane bingung sih gan emang ada data yang valid tentang 500M ? ganyangka dengan pilpres sekarang,semua politiknya sangat abu-abu :D Gampang aja untuk membuktikan 500m itu ada atau gak. Kalo pks udah gak ngotot ngajuin cawapres dari ijtima, itu artinya 500m bener2 ada"
10-08-2018 10:41,bukan.salman,"Rapat Majelis Tinggi selesai, Demokrat dukung Prabowo-Sandi",Masuk kardus juga akhirnya
10-08-2018 10:11,paman.galau,"GNPF Ulama: Pilih Ma ruf Amin, Jokowi Lebih Cerdas","Alhamdulillah akhirnya Jokowi bersanding dengan Ki Maruf Amin. Bukan langkah maju, dibilang mundur ya mundur. Tetapi setidaknya Jokowi sukses memetakan politik secara jelas, bahwa bukan pemberontakan militer yang harus ditakuti tetapi politik sara yang harus dihindari. Coba sekarang sampeyan ngel..."
10-08-2018 10:05,jejeku,Demokrat Buka Peluang Dukung Jokowi-Ma ruf Amin,Nangis aja di pojokan
10-08-2018 09:15,silents.,"De Javu 2014, Demokrat Pilih Jokowi atau Prabowo?",Gurem dah
09-08-2018 23:36,the..chef,Fadli Zon Selfie Bareng Duet Capres-Cawapres Prabowo-Sandiaga,Wkkwkwkwkwk bikin sial nih orang
09-08-2018 23:34,greenxbuto,Mahfud MD: Pak Jokowi Tak Usah Merasa Bersalah,"https://s.kaskus.id/images/2018/08/09/10216845_20180809111248.jpg ngoahahahaha oke nasbung nastak cebong kampret putar otak kembali susun kubu2nya untuk HTI PKS siap2 bener2 gurem :wakaka Masih dikata2in kok. Lo liat aja di twitter. Dikatain tuwir, ada yg bilang bau tanah,"
09-08-2018 23:30,paman.galau,"Heboh Jenderal Kardus, Gibran Dompleng Promosi Kardus Baru Markobar",Kita butuh anak presiden yg jago fashion seperti didit
09-08-2018 11:40,becakmini.v7,"Keluar dari Rumah SBY, Prabowo: Kita Musyawarah Terus",No deal ngoahahahah
09-08-2018 10:24,silents.,Prabowo dan Sandiaga Uno deklarasi siang ini,lah uno kan bukan ijtima ulama? kok pks diem aja? Ya iya lah dapat 500m
08-08-2018 22:06,jokiwoodo,PD: Sandi Bayar PAN-PKS Rp 500 M untuk Jadi Cawapres Prabowo,https://s.kaskus.id/images/2018/08/08/5705381_20180808100641.png Sakitttttttttt
08-08-2018 21:54,foxvenom88,"Ustad Abdul Shomad Tarung Ketat Dengan AHY, Pengumuman Cawapres Prabowo Ditunda",https://s.kaskus.id/images/2018/08/08/5705381_20180808095356.png Modyarrrrrrrrr wkwkwkwkwkwkwk
08-08-2018 17:58,paman.galau,Hakim Komentari Cara Jalan Roro Fitria yang Seperti Boneka,Cakep kalo make up nya tipis gini
08-08-2018 17:56,jokiwoodo,"Presiden PKS : Prabowo Tidak Pilih UAS atau Salim Segaf Aljufri, Koalisi Bubar",Baguslah bubar
08-08-2018 17:53,khayalan,"Amien Rais ke Rumah Prabowo, Sekjen Gerindra Konsolidasi",Amin mau ijin ngelamar didit kah?
08-08-2018 17:41,the..chef,"Pabrik Narkoba Rumahan Digerebek, Pemilik Dikenal Religius dan Dermawan",Panasbung munafik
08-08-2018 16:42,indrainiesta28,"Bawa Sabu 1 Kg, Warga Aceh Diamankan Petugas di Bandara Kualanamu",Boleh bawa sabu asalkan seiman
08-08-2018 14:00,the..chef,"Motor Gede Milik Dishub yang Jatuh Saat Ditunggangi Anies Baswedan Harganya Rp 1,2 Mi","Gpp dijatuhin, rusak jg gpp Asalkan seiman"
08-08-2018 11:35,nyai.dasimah99,"Niat Pamer, Anies Baswedan Jatuhkan Motor Gede�","Ana respect sama keberanian anies, bahkan kepala dishub nya saja ga berani naik motor tersebut. Walaupun jatuh ana rasa pesan yang dikirimkan oleh anies bahwa menjadi seorang pemimpin itu harus berani dalam segala hal itu benar benar sampai ke ana dan mudah mudahan warga dki yang lain juga dapat me"
08-08-2018 10:06,mr.khonthol,Pemotor Lewat Trotoar Siap-siap Bisa Dipenjara,Hukum mati aja
07-08-2018 11:32,Riz2T,"MUI: Kalau Ragu Vaksin MR Tidak Halal, Tinggalkan!",Gak usah vaksin. Mengurangi populasi org bodoh
07-08-2018 10:08,silents.,"Ditolak Pemkot, Deklarasi #2019GantiPresiden Geser ke Banten Lama",Yg nolak masuk neraka
07-08-2018 08:49,sorken,"PMII tolak Neno Warisman ke Makassar: Jika nekat datang, kami adang di bandara",Hahaha sukurin
06-08-2018 21:20,bikinmuntab,"Demokrat: Walau langit runtuh, koalisi dengan Prabowo tak mungkin berubah",Andi arief wasekjen?
06-08-2018 12:55,silents.,"5 Faktor Utama Pertumbuhan Ekonomi RI Melesat ke 5,27%",Tapi panasbung tetap miskin
06-08-2018 12:32,kabar.kabur,Ustaz Yusuf Mansur Menangis Lihat Imam Ini Tak Bergeming Saat Gempa,Nanya serius Itu yg merekam siapa?
06-08-2018 11:20,bane.,Dua Tahun Setelah Jokowi Ancam Ubrak-abrik Pelabuhan di Priok,Sarang nasbung
06-08-2018 10:29,silents.,Ssst... Ini Kisi-kisi Pengumuman Cawapres Jokowi,Jokowi - imam masjid istiqlal Tuh gw berani taruhan
06-08-2018 10:29,silents.,Ssst... Ini Kisi-kisi Pengumuman Cawapres Jokowi,Jokowi - imam masjid istiqlal
05-08-2018 16:12,pekathik,Istri Terduga Teroris Sleman Cuci Pakaian yang Tersentuh Tetangga,Kelakuan panasbung
05-08-2018 14:45,badfilename,PD Desak Jokowi Minta Maaf soal Arahan Berani Jika Diajak Berantem ,Sudah gw tebak Ferdinand kampret
05-08-2018 11:46,president.trump,"Jika Prabowo Pilih No 4, Bikin Nangis Ulama dan PKS","Ana tetap yakin prabowo akan memilih salim segaf al jufri bukan hanya karena salim adalah salah satu nama yang di rekom oleh ijtimak ulama, akan tetapi sebagai seorang prajurit sejati prabowo pasti paham betul arti kesetiaan Ayo kita buktikan statement tolol ini"
04-08-2018 20:15,annisaputrie,"Dilema Prabowo, Pilih Ustaz Somad atau Tokoh Parpol (Somad Mirip Sudirman?)",Prabowo - uas Puas
04-08-2018 19:00,pancidermawan,"Prabowo Unggah Foto Nostalgia, Titiek: Momen Terbaik Mas",Cerai Anak homo
04-08-2018 15:37,paman.galau,Prabowo Senang Didukung Tommy Jadi Presiden,Reuni cendana - mantan cendana
03-08-2018 17:12,trirestya,"Tak Segera Bayar Rp 30 M, Fahri Hamzah Ancam Sita Gedung PKS",Azab atau cobaan?
03-08-2018 11:53,eggy.sujana,Demokrat Yakin AHY Disukai Anak Muda dan Ibu-Ibu,#boncel2019
02-08-2018 10:48,tomiraharja,"Setelah #2019GantiPresiden Tak Laku, Demi Ambisi Mardani Serukan #SiapIkutUlama",bentar lg marsela bikin hashtag #2019JadiLakiBeneran :wkwkwk Serius nanya Kenapa sih si mardani sering dikatain bencong?
02-08-2018 10:05,madridist,"SD Plus Al-Kautsar Datangkan Guru dari Spanyol, Belajar Makin Asik",Agamanya apa?
02-08-2018 10:03,silents.,"Ketua DPRD DKI Prihatin Kondisi Taman Kalijodo, Kamar Mandi Jorok dan Musala Bau",Pokoknya salah ahok
02-08-2018 10:01,silents.,PBB Prediksi Akan Muncul Poros Islam di Pilpres 2019,Pbb partai gurem
01-08-2018 12:11,kabar.kabur,"Kehidupan Pribadi Putra Prabowo Subianto Dibongkar Anggun C Sasmi, Ternyata",Calon menteri busana nih Cucok cynnn
01-08-2018 12:06,buncitbubar,Jawaban Tommy Soeharto saat Ditanya Najwa Shihab Soal Kasus Pembunuhan Hakim Agung,Lebih bagus jadi pembunuh daripada tukang martabak
01-08-2018 11:33,kaskus.sajalah,Mesut �zil Foto Bareng Anjingnya Dibanjiri Ceramah Netizen Indonesia,Ayo alumni 212 boikot ozil
30-07-2018 15:07,ditusuk.teman,Kali Item Masih Bau Anyir Meski Disemprot Cairan Mikroba,Salah ahok
30-07-2018 14:42,rinaldikarza,PKS Pilih Pisah bila Demokrat Jadi Anak Emas Koalisi Prabowo,Pks bikin poros ke3 aja Lumayan buat bahan lawakan
30-07-2018 14:29,khloekarmike,"Viral, Pria Asapi Monyet dengan Vapor di Batu Secret Zoo",Kelakuan panasbung
30-07-2018 11:14,kriminologi.id,"Kepergok Mesum, PNS Bappeda di Aceh ini Disiram Air Got",Aceh varokah
30-07-2018 11:05,purwosoe,Mengapa Prabowo Harus Menjadi Presiden?,Sumur nya bodoh
30-07-2018 10:05,khayalan,"SBY Ketemu Prabowo Lagi, Deal or No Deal?",Cawapres dari pks harga mati Ngarep mode: on
29-07-2018 18:45,nevertalk,"PKS soal Prabowo siap dukung orang lain maju Pilpres: Luar biasa, itu negarawan!",Tau diri bakalan kalah
29-07-2018 18:38,nevertalk,"Sandiaga: Insya Allah anak Betawi cari kerja mudah, sudah ada Pergubnya",Minta kerjaan sama lulung aja
29-07-2018 18:27,dybala.mask,"Ada Asian Games, Ekonomi DKI Tumbuh 0,34%, Sumsel 0,47%",denger denger katanya kenapa diadainnya di palembang itu karena politik pdip balas jasanya sama laki nya mbokde banteng yang asalnya dari sana karena sudah jadikan jokowi presiden Ini contoh orang bodoh
29-07-2018 11:54,curvyasian,Saat Anies Jadi Imam Salat Prabowo dan Sandi di Rumah Kertanegara,"Jarak antar makmum nya renggang banget... Gpp, kalo prabowo boleh"
28-07-2018 18:28,president.trump,"PKS : Jangan Sampai Pacaran dengan Siapa, Nikahnya dengan Siapa","Nikahnya sama siapa, poligaminya sama siapa"
28-07-2018 10:31,Riz2T,Zulkifli Hasan: Sekarang Keadaan Kita Tambah Susah Apa Senang?,Susah korupsi
28-07-2018 08:59,tante.vero.bitc,Jokowi Minta KPK Profesional Menangani Kasus Adik Ketua MPR,Cie cie partai allah
27-07-2018 21:03,silents.,"Terbanyak Ajukan Caleg Eks Napi Koupsi, Gerindra Minta Rakyat Tak Ragu",Partai allah
27-07-2018 20:54,foxvenom88,"Dibantu Pemerintah Pusat Atasi Kali Item, Anies Baswedan Malah Bilang Begini",Idola panasbung ini memang gak bs kerja
27-07-2018 20:40,idungmanchung,"Foto Bareng Sandiaga, Prabowo: Saatnya Ekonomi Indonesia Bangkit",Halah baik banget
27-07-2018 20:37,nevertalk, Semesta mendukung AHY jadi pemimpin ,https://s.kaskus.id/images/2018/07/27/10284908_201807270835490837.jpg Si sukro kok sekarang jarang muncul ya?
27-07-2018 20:25,nevertalk,Pakar: Penutupan Kali Item Bisa Sebabkan Ledakan,Panasbung kan memang hobinya ngeledakin sesuatu
27-07-2018 15:37,dybala.mask,"Waring dan Rumput Trotoar Hanya Sementara, Anies-Sandi Dinilai Boros",Boleh boros asalkan seiman
27-07-2018 15:36,president.trump,"Adiknya Kena OTT KPK, Zulkifli Hasan Minta Maaf","Dimaafkan aja, yg penting seiman"
27-07-2018 15:32,411.212,Anies Sebut Ada Stafsus yang Memperkeruh Masalah Kali Item,bodoh boleh asalkan seiman Jakarta makin ancur
27-07-2018 15:28,411.212,Begini Cara Pemerintah Pusat Bersihkan dan Kurangi Bau Kali Item,"ini pelajaran buat anies jangan sok jago. jangan sok pinter. bangun komunikasi yg baik dengan pemerintah pusat. jakarta gak hidup sendiri. masalah keamanan ketertiban aja , misalnya. pemprov cuman punya satpol pp. kodam jaya dan polda metro di bawah kendali pusat. semoga anies sadar. Yg penting s"
27-07-2018 15:16,mendadakranger,"""Sejak Zaman Soeharto Kali Item Sudah Kotor, Jangan Salahin yang Bikin Tempe""",bodoh boleh asalkan seiman coy
27-07-2018 11:22,fitriasarina,Kala Dinasti Politik Zulkifli Hasan Tersandung OTT KPK,Yg penting partai allah
27-07-2018 11:08,ary63,Rekam Jejak Adik kandung Zulkifli Hasan yang Terjaring OTT KPK,Partai allah
26-07-2018 11:41,jokiwoodo,Rachmawati Ingin Berikan Aset Rp 1 T ke Prabowo untuk Hadapi Jokowi,Ntap 1T
26-07-2018 10:57,mendadakranger,"Menjelang Asian Games, Sandiaga Uno Stop Produksi Tempe Kali Item",Tempe kafir?
25-07-2018 10:19,khayalan,SBY-Prabowo Belum Sepakat Koalisi di Pilpres 2019,pernyataan sby menunjukkan kematangan dan kelas negarawan beda level dg presiden skrg :D Retorika dibilang kematangan? Gblk
24-07-2018 12:26,lovelykei,Tadi Malam Prabowo dan Amien Rais Bertemu Persaudaraan Alumni 212,"https://s.kaskus.id/images/2018/07/24/9782727_201807241224480369.jpg Apa cuma perasaan ane, atau emang wowok semakin menceng bibirnya? :bingung Kena stroke"
24-07-2018 12:07,dybala.mask,Wajah Kali Item (Sentiong) Dulu dan Kini di Bawah Pimpinan Anies Baswedan,Yg penting seiman
24-07-2018 10:21,khayalan,Pertemuan 4 Jam Jokowi dan Ketum Parpol Sepakati 1 Nama Cawapres,"sudah deh , jokowi - habibie , guncang nih negara lain , hahaha Bagus sih. Tapi apakah pak habibie akan lolos tes kesehatan?"
24-07-2018 10:04,kencingin.pohon,"Pertanyakan Bahasa Cina di Toilet Bandara, Rustam: Ya Allah, Pak Ustadz Tengku Zulkar",Ustad kok berpolitik
20-07-2018 10:01,medyudhapradja,Kali Item Ditutup Jaring Hitam Agar Keruhnya Air Tak Terlihat Atlet Asian Games,Nyumbang gambar tkp https://asset.kompas.com/crop/0x75:1000x741/750x500/data/photo/2018/07/19/1033344702.jpg Nyomot dr sumber beritanya ini Yg penting seiman ya akhi
19-07-2018 15:16,cerdasmedia,Adem Lihat Pak SBY dan Prabowo Bersama dalam Suka dan Duka,"Mungkin sama2 ngomongin anak2 mereka ""Anak gw udah ditawarin kemane2 kok kagak ada yg mau nih dijadiin pasangan ?"" Silahkan interpretasi masing2 aja siapa yg ngomong .. baik wwkwkkwwkkkw"
19-07-2018 11:46,fitsa..hats,Prabowo Subianto Minta Maaf ke PBNU: Saya Akan Panggil Fadli Zon,"kriminalisasi paham bre??liat si hari tancuk pernah berlawanan sm raja cebong?skrg?sibeye sebelum pilkodok bersebrangan parah sm raja cebong,setelah antasuri dikeluarin langsung kicep,partai kuning dulu gmn bre??ngabalin dulu gmn???Pe tiga dulu gmn??tambahin lagi bree sendiri hehehe Jagoan lo me"
19-07-2018 11:01,fitsa..hats,Prabowo Subianto Minta Maaf ke PBNU: Saya Akan Panggil Fadli Zon,"ini orang gentle amat yak,ga kaya rajanya kodok,,yg apa2 langsung main ancam dan lama2 pada terpaksa masuk kubunya,,ckckckck Main ancam?"
19-07-2018 10:53,joelzei,Rumah politikus Mardani Ali dilempar bom Molotov,Play victim
19-07-2018 09:46,Hans.Landa,"Anies Copot Walikota, Kurang Santun atau Langgar Aturan",Yg penting seiman
19-07-2018 09:34,sorken,PA 212 Haramkan Untuk Usung Jokowi Sebagai Capres 2019,Mak lo haram
18-07-2018 20:16,karikai04,Pak SBY Kelelahan Gara-Gara Tonton Piala Dunia,Kalah taruhan ya?
18-07-2018 18:25,ranttalker,"SBY Jatuh Sakit, Pertemuan dengan Prabowo Diundur","Cuma intrik, sebenarnya SBY males ketemu wowo, endingnya SBY dukung wiwi kok Mau taruhan?"
18-07-2018 17:00,codot.1,"Video Viral Pesta Pernikahan di Rel Kereta, Begini Tanggapan PT KAI",Jalur rel buntu itu lokomotif lg parkir dekat dg bengkel lokomotif. begitu penjelasan dr video nya. liat video dl br komen jangan kaya nastak glodok yg asal bacot kaya bool mencret Iya tau Tapi tetap tidak boleh menutup jalur kereta
15-07-2018 22:34,venomwolf88,"Vaksin Tak Halal, MUI Ingatkan Kemenkes Jangan Berlindung di Balik Darurat",Biarin mati sekarat aja
15-07-2018 06:55,firno99,Polri: 3 Terduga Teroris Tewas Baku Tembak di Kaliurang,Nasbung pada sedih nih
14-07-2018 21:40,bikinmuntab,"OK Otrip Disebut Program Gagal, Sandiaga: Terlalu Harsh Ya",Gpp gagal asalkan seiman
11-07-2018 23:06,karikai04,"Sandiaga Ingin Bertemu Ahok dan Minta Beberapa ""Advice""",Studi banding jauh2 ke amerika serikat tapi ujung2nya minta advice ke ahok. Kampret memang
11-07-2018 21:32,Poco.poco,Parah! Akun PKS Anggap Gus Mus dan Quraish Shihab Sama Seperti Kakek Sugiono,"Setahu ane kalo Habib tuh ketahuan di KTP-nya, kayak gini gan.... https://anekainfounik.files.wordpress.com/2017/01/ktp-milik-novel-bamukmin.jpg :ngacir2 Itu jaket ojol?"
10-07-2018 16:10,difitnah.teman,Ngabalin Isyaratkan Jokowi Beri Kejutan soal Pilpres Nanti Malam,Apapun yang dilakukan orang ini ana sudah ga ambil pusing Tapi lo ikutan komen melulu
10-07-2018 15:59,beyoungcarerock,Loyalis Anis Matta Duga Perpecahan PKS Tak Terhindarkan,"ini potonya fahri hamjah pake kacamata, tapi koq kurus? :wakaka Itu fahri hamzah kena tipes bray"
10-07-2018 15:54,difitnah.teman,Ngabalin Isyaratkan Jokowi Beri Kejutan soal Pilpres Nanti Malam,"sebenarnya Jokowi - CT lebih bagus tapi secara kepartaian agak susah karena CT gak punya partai atau gak memimpin partai CT punya transtv, trans7, detik, cnn Duit berlimpah"
10-07-2018 15:48,difitnah.teman,Ngabalin Isyaratkan Jokowi Beri Kejutan soal Pilpres Nanti Malam,taruhan CENDOL aja bray gw prediksi : Jokowi - AIRLANGGA HARTARTO Ok cendol ya Gw jokowi-ct
10-07-2018 15:42,difitnah.teman,Ngabalin Isyaratkan Jokowi Beri Kejutan soal Pilpres Nanti Malam,ya jelas si Airlangga jadi cawapres kalau gak ngapain si Ngabalin dll mau cape2 masuk ke Jokowi kalau Golkar cawapresnya bukan dari Golkar? Mau taruhan?
10-07-2018 15:41,difitnah.teman,Ngabalin Isyaratkan Jokowi Beri Kejutan soal Pilpres Nanti Malam,Amien rais cawapres
10-07-2018 08:47,curvyasian,Saat Gatot Nurmantyo Pose Bareng Istri di Niagara Falls,bodoh lah pada bahas hijab
09-07-2018 18:16,winarwi,Kader PKS Boyongan ke Partai Baru Milik Anis Matta,Pks perjuangan
09-07-2018 12:14,Kkunyuk,"Menteri Basuki Jalan Kaki 3 Km, Anies Disindir Cuek Asian Games",Si kampret ini malah ngerombak trotoar
08-07-2018 19:33,winarwi,Kubu Asyik Belum Akui Kemenangan Pasangan Rindu di Hitung Manual Pilgub Jabar,"Asyik menang, 2019 ganti presiden"
08-07-2018 10:30,Lampyridae,"Islam Nusantara CEO AMI: KFC tetaplah KFC, Tidak ada KFC Zimbabwe atau KFC Nusantara",astagfirullah minta ga disholatin banfleknye nih :mad Ampun ceo
08-07-2018 10:11,54m5u4d183,"Jokowi: Cawapres Sudah Ada, Tinggal Diumumkan",CT atau TGB
07-07-2018 15:49,pastibisadong,Gubernur Aceh Irwandi Yusuf Beberkan Jasanya untuk Pemerintah,Bacot lo
06-07-2018 17:52,pastibisadong,"Malangnya Anak Pemilik Bom Pasuruan, Terluka dan Tak Didampingi Keluarga",Watak asli panasbung. Asli bodoh
06-07-2018 17:00,stealth.mode,"Viral Mahasiswa UNJ Naik Kuda , Ini Penjelasan Kampus","Ana juga suka kok naik kuda, emang salah yah?? Lama lama ana ga tenang deh hidup di negara ini, apa apa dimasalahin Gak naik unta sekalian?"
06-07-2018 16:57,karikai04,TGB Zainul Majdi Sampaikan Alasannya Dukung Jokowi Dua Periode,https://s.kaskus.id/images/2018/07/06/7341659_20180706022206.jpg https://s.kaskus.id/images/2018/07/06/7341659_20180706022222.jpghttps://s.kaskus.id/images/2018/07/06/7341659_20180706022228.jpg Auto unfollow :wkwkwk :wkwkwk Kumpulan manusia anjing
06-07-2018 16:25,karikai04,Ayah Korban Ledakan Bom Pasuruan Memilih Melarikan Diri Ketimbang Urus Anaknya,Watak asli panasbung ya gini
06-07-2018 15:47,andika.1stravel,Prabowo Diprediksi Tak Nyapres Gara-Gara Bokek,"Gpp, ntar disumbang alumni 212"
06-07-2018 13:15,human.brain,"Demokrat-PAN-PKS Jajaki Koalisi, Anies Menguat Jadi Capres",sek tak takok Nies ?? seng arep milih koen bangsane menungso opo uduk ?? :travel Onta ama kambing
05-07-2018 15:09,Kkunyuk,"Fahri : Jokowi Teleponlah Putin dan Macron Pinjam Kapal Selam, Carilah Rakyatmu",Belajar dulu dek...kdalaman danau toba 500km itu udah lama diketahui lantas jika diawal emang tdak sanggup buat apa dcari? Apalagi sperti yg lo bilang medan dan kondisi tdak memungkinkan...kan jadi baik kuadrat :ngakaks baik lo 500km
05-07-2018 14:28,XinHua.News,"Diblokir, CEO Tik Tok Datang ke Indonesia dan Janji Rekrut 200 Karyawan di Indonesia","Ntap, bisa goyang 2 jari lagi"
05-07-2018 14:27,rasrobek,Ledakan Diduga Bom Guncang Bangil Pasuruan,Ulah kebiadaban panasbung kah? Pasti lah
05-07-2018 07:48,karikai04,"Terkait OTT KPK, Warga Gelar Doa Bersama di Kediaman Gubernur Aceh",Varokah ya akhi
04-07-2018 16:16,becakmini.v7,Mustofa Nahra @NetizenTofa Gabung ke PAN,Si tukang fitnah Caleg gagal dari pks
04-07-2018 10:43,stratofortress.,Mantan PM Najib Razak Ditangkap KPK Malaysia,"maksudnya, eks pm aja di luar sana bisa di garuk :o berarti dimari pun HARUSNYA bisa :o contoh : Century , Hambalang , BLBI, dll :o Sby?"
04-07-2018 10:18,bangbinyo,Gubernur Aceh Irwandi Yusuf Terjaring OTT KPK,Barokah ya akhi
03-07-2018 20:36,smedev.id,"Ramai Aksi #2019GantiPresiden, Markobar: Terima Kasih Sudah Antre","Kenafa ente tambahin tanda ""..."" di defan kata putra, ente menghina ya :mad Ummat ssseeeerrrrbbbbbuuuuuu :mad :lehuga Karena dia BANCI!!!!!!!"
03-07-2018 13:57,winarwi,"twit Ratna Sarumpaet Usai Cekcok dg Luhut : ""Harus diangkat agar tdk ada hal mistis""",Mistis cem valak
03-07-2018 13:26,Kkunyuk,"Demo Gerai Markobar Anak Jokowi, Neno Warisman Musang Berbulu Domba","Ini berita apa promosi? Like father like son.. Bapaknya doyan pencitraan, anaknya doyan promo gretongan Ya salah lu sendiri gerombolan lu demo di depan markobar. Anjing bodoh"
01-07-2018 15:35,lucy...pinder,Jalan Lintas Solok yang akan dilalui Jokowi ditimpa longsor,Pertanda akan dilongsorkan (baca: lengserkan) Nasbung mode: on
28-06-2018 15:09,bakulkentang,"Pantang Menyerah, Sudrajat Tetap Yakin Menang",TSnya gak asyik nih
28-06-2018 15:00,khloekarmike,Cerita tentang Tangan Prabowo Belepotan Tinta Usai Nyoblos,Kasian om wowo udah lama cerai jadi gak pernah celup2 lagi tong. Pengertian dikit dong tong
28-06-2018 14:56,rinaldikarza,Cara Ini Bisa Bantu Hilangkan Tinta Ungu Usai Mencoblos,https://pbs.twimg.com/media/DgwgiKRUEAA1OX4.jpg:large Njir
28-06-2018 14:36,nevertalk,"Kalah Telak di Sumut, Djarot Ngerokok Terus",Sebat dulu rot
28-06-2018 14:32,venomwolf88,"Menikah Tanpa Pacaran, Momen Pertemuan Pertama Pasangan ini Bikin Baper, Sosweetnya!",Nastaik mah homo gak bakal punya momen cem begini :ngakak Momen spesial nastaik cuma seka tokai dr dubur pasangan homo nya aja :ngakak :ngakak Bau tokai pasangan gay nya bikin kangen klo kata nastaik :ngakak :ngakak Lo ngomongin anaknya prabowo ya?
28-06-2018 14:23,rinaldikarza,Ridwan Kamil Siap Dukung Jokowi Usai Unggul Quick Count,RK memang asyik orangnya
28-06-2018 14:18,ditusuk.teman,"""Mau ke IGD Pakai Ambulans tetapi Diminta Fotokopi Dulu? Keburu Wafat Mama Saya""",Kampret memang
28-06-2018 14:14,blizzard000,Gerindra Siap Gugat Pilgub Jabar-Jateng ke MK Jika Selisih Tipis,Jabar memang asyik
28-06-2018 14:12,gakmikir1001,"Megawati : Gus Ipul Kalah, Semua Pengurus PDIP Saya Pecat","pemilih sekarang itu bukan karena partai, tapi karena figur. Sebodo amat sama partai nya si, buktinya RK di Jabar yang diusung Nasdem yang kurang populer bisa menang juga tuh, ngalahin paslon yang diusung PKS dan Gerindra yang begitu populer di Jabar. Orang jabar milih pasangan Asyik karena faktor"
28-06-2018 13:54,tomiraharja,"Menang Pilkada Jatim, Khofifah Tegas Dukung Jokowi di Pilpres 2019",Jatim asyik
27-06-2018 18:03,tibayuda,Sudrajat-Ahmad Syaikhu Unggul Telak di TPS 07 Bekasi,Asik menang 2019 ganti presiden
27-06-2018 15:17,nevertalk,"Takut tak sah salat, warga Cirebon pakai tinta kunyit di TPS",Ini termasuk pinter atau bodoh?
27-06-2018 15:15,jak25hours,"Quick Count Pilgub Jabar LSI: RK 33,46%, Demiz 29,62%",Jabar asik!!!! Huekkk
27-06-2018 15:14,nevertalk,Edy-Ijeck Unggul Sementara di Pilgub Sumatera Utara,Jabar asik!!!!!!
27-06-2018 10:39,drawin.muas,"Tiduri Istri Orang, Pria Aceh Ini Kirim Foto dan Video Porno ke Suami Selingkuhan",Barokah ya akhi
26-06-2018 10:53,Kkunyuk,PKS Puji Kemenangan Erdogan di Pemilu Turki: Strategi Jitu,Erdogan-prabowo 2019
25-06-2018 13:13,fitriasarina,"rudapaksa Cucu Kandung Berkali-kali dan Terakhir Jelang Lebaran, Kakek di Aceh Barat Di",Barokah sekali
23-06-2018 21:22,mahkotax.putra,Prabowo Nilai Banyak Pemimpin di Indonesia Pandai Akting,Keponakan lo juga jago akting di ranjang (ejakulasi dini)
23-06-2018 18:13,newbie1996,PKS: Pak Prabowo Sedang Jujur Tidak Punya Uang,Jujur ana terharu untuk ukuran seorang prabowo pasti sangat sulit untuk meminta bantuan tetapi beliau berani speak up demi menyelamatkan negara ini dari kehancuran permanen beliau mau merendahkan dirinya Gw kadang2 gak ngerti orang ini sarkas atau beneran. baik emang
23-06-2018 09:25,stratofortress.,Prabowo Galang Donasi karena Dia Tidak Ingin Tersandera Politik Balas Budi,galang dana di catwalk bareng anaknya lah... Festival homo
21-06-2018 15:44,Kkunyuk,"Ketik Setan Muncul Foto Amien Rais, PA 212: Google Tak Netral",Emang setan
21-06-2018 15:19,kinggidorah666,"Habiburokhman Sebut Mudik Neraka , Menhub: Mungkin Salah Jalan",Yg kena macet kan supirnya
20-06-2018 21:19,permanisudrajat,"Fadli Zon Butuh Sosok Pemimpin Seperti Putin, PKS: Kita Juga Punya Figur Erdogan",Padahal turki krisis ekonomi
20-06-2018 13:32,venomwolf,"Kenaikan Tarif Tol Jorr Ditunda, Prabowo: Yg Buat Tol Pak Harto yang Naikin Rezim Skr",Yg buat tol mantan mertua nya
19-06-2018 16:59,tanah.liat,"Stiker Thanks Jokowi Ditempeli di Mobil Pengunjung TMII,Begini Reaksi Pemilik !!!","tempel juga sekalian di jidat lu, jidat mak lu, ama jidat bapak lu Ya kak"
19-06-2018 12:43,fr91,"Lama Antre, Warga Kecewa Lihat Isi Bingkisan Lebaran dari JK",Udah dikasih rejeki malah masih mengeluh Anjing semua emang
19-06-2018 12:34,pictorlaisbodat,"Tak Sopan Sindir HRS Soal SP3 Kasus �Chat Hoax�, Kevin Aprilio Minta Maaf",Netizen baik
19-06-2018 12:18,gusizroil,[BREAKING NEWS] Jokowi Ajak Cucu Mancing KODOK,Istri cerai Anak homo Trus mau lebaran sama siapa?
17-06-2018 13:10,tanah.liat,Firza Husein: SP3 dari Polri Jawab Fitnah yang Ditujukan ke Saya,Elu kan tanpa busana bodoh
15-06-2018 19:47,tanah.liat,AHY: Jokowi Titip Salam untuk SBY,Ahy ini kesannya cuma sebagai penyambung lidah
11-06-2018 20:37,pritanatania,"Bekasi-Semarang 11 Jam, Rekor 15 Tahun Mudik",Terima kasih amin rais
11-06-2018 14:59,permanisudrajat,Amien Rais Berikan Klarifikasi tentang Pernyataan Tuhan Malu : Saya Tidak Ngawur,"Coba kalo yg ngomong gini dari kubu jkw, pasti langsung demo"
11-06-2018 14:41,bakulkentang,"Mudik Karawang-Semarang: Dulu 20 Jam, Kini 4 Jam!",Terima kasih amien rais
11-06-2018 08:43,venomdog88,Anies Persilakan Pendatang Baru Mengadu Nasib ke Jakarta,Silahkan buka lapak di trotoar dan bangun rumah di pinggir kali. Yang penting seiman
10-06-2018 13:30,fitsa..hats,"Demokrat Tak Mau Prabowo Nyapres, Gerindra Masih Coba Dekati",Ahy-didit aja Koalisi ganteng cucok
08-06-2018 13:39,batamnews,Skandal Seks yang Hancurkan Karir Politisi Indonesia,Tolong kader pks disebut dong
31-05-2018 18:59,matthysse76,Fadli Zon Sebut Prabowo dan Amien Rais Bakal Umrah Bersama,Bodo amat lah
30-05-2018 10:53,santosobudikeci,"Heboh, Video Mesum Anggota DPR RI Sekaligus Keponakan Prabowo Beredar di Media Sosial","sok nyewa 2jablay, 2 menit ngecrot.. ngakak cok:ngakak :ngakak Semenit bray, bukan 2 menit"
30-05-2018 10:31,buncitbubar,Bos First Travel Anggap Hakim Kelewatan Jika Vonis 20 Tahun,Yasudahlah enih sebenarnya hanya masalah sepele seharusnya tak perlu lah sampai keranah hukum apalagi divonis 20 thn lagipula kira umat jua sudah iklas kok jadi tak perlulah diperpanjang yah gan:) Gundulmu ikhlas
30-05-2018 10:09,silents.,"Polisi Usut Video Porno Aryodj , Gerindra: Silakan, Terserah",Partai Allah
28-05-2018 17:52,tsuzawa,"Video Porno ARYODJ, Ini Kata MKD DPR",Sok suci tapi nyatanya doyan baikk
27-05-2018 11:31,mendoan76,Kabar gembira.Bulog Bakal Keluarkan Beras Sachet Seberat 200 Gram,cendol ente byk bner Iya
19-05-2018 18:50,silents.,"Disangka Selingkuh, Anggota DPRD Dipecat sebagai Kader PKS",Hobi baik!
19-05-2018 17:42,smartmouth,"Ustad Abdul Somad Tak Masuk Daftar 200 Penceramah, Ini Kata Menag","Keliatan kuota Lo terbatas ya, ga liat tuntas videonya:D Otak lo yg terbatas"
19-05-2018 17:24,nevertalk,Menteri Agama: Perempuan Pemakai Cadar Jangan Hidup Eksklusif,"orang kaya juga eksklusif, g mau bergaul sama orang kismin imigran dari utara juga gitu. maunya tinggal sekomplek sama temen seperantauannya Iya, tapi mereka gak ngebom sama ngafir2in orang lain"
16-05-2018 14:16,jumpbajingi,"Gak Sabar Ketemu Bidadari, Teroris Ditembak Mati Ini, Penisnya ereksi!",NASBUNG MOKAD AJA MASIH ereksiAN APA LAGI SELAMA IDUP NGOAHAHAHAHA Komen terbaik
08-05-2018 10:41,human.brain,"Tepuk Pantat Perempuan Pelari, Warga Siap Minta Maaf","Panitia bodoh, warga bodoh"
08-05-2018 10:02,jalan.cinta,Gerakan #2019GantiPresiden Akhirnya Minta Maaf Atas Insiden di CFD,"Trus gelangnya gimana? Kasihan si mustofa udah bikin ""investigasi"""
03-05-2018 12:14,dishwala,Bimbang Prabowo Diburu Waktu Pilih Cawapres dari 9 Kader PKS,belom deklarasi tapi udah ada titipan wapres kudu dari PKS menaker iqbal said ada lagi yg mau nitip ke wowok ? Ini ada titipan lagi: Habib rizieq Amien rais Fadli zon Fahri hamzah Ratna sarumpaet Kivlan zein Ustad abu somad Ustad tengku zulkarnain Ustad haikal hasan Dll
03-05-2018 08:37,yavidrahmat,"Manusia Jaman Now, Sepertinya Wajib Punya Insang.",Ingsang kalo dipake di darat juga percuma bray
27-04-2018 23:39,jojov,God of War Reboot - Official Thread [Only On PlayStation 4],"Sori, mungkin sudah ditanyakan di page sebelumnya. Ini subtitle nya gak bisa digedein ya?"
26-04-2018 08:07,sasandy27,"Tak Mendapat Dukungan Luas, Kaos Kampanye Pihak Oposisi #2019GantiPresiden Tak Laku",Udah boong nambah pake pitnah sgla.. Gw make k kampus biasa aja.. Kampus 212 asuhan habib rizieq?
24-04-2018 10:43,jasjus.kriptoss,Airmin TNI AU Jawab Kabar Logo Masjid di Lanud Malang Disebut Mirip Salib,Nasbung salah dimaafkan Nastak salah penistaan!!! Laporkan! Demo
21-04-2018 08:20,soekirmandia,Amien Sebut Jokowi Otoriter dan Lebih Militer dari Prabowo,Loh katanya plonga plongo
20-04-2018 19:52,ferina.,Penjualan Kaos �#2019 Ganti Presiden� Masih Lesu,bukannya udah diendorse ama jkw ma anaknya mereka kan pake tu kaos masa lesu? Kapan?
20-04-2018 10:05,viieralbf,"Prabowo Terancam PKS Gagal Nyapres, Gerindra Merapat ke Jokowi?",Salah milih temen
18-04-2018 21:21,mymasterpiece,"Bau Sperma, Ungkap Pria Paruh Baya di Ciluar Kota Bogor Cabuli Bocah",Cie pake peci
18-04-2018 19:42,hpriyonoon,Ada Perjanjian Tertulis Cawapres Prabowo Harus dari PKS,Capres gak punya istri dan cawapres dengan banyak istri
18-04-2018 07:58,nevertalk,"Foto: Membandingkan Kursi MRT dan Metromini, Miripkah?",Pada blm pernah ke luar negeri ya?
17-04-2018 21:00,omdikenyotom,Tol Batang-Semarang Tersambung Jembatan Ikonik Senilai Rp 200 M,Terima kasih prabowo
16-04-2018 06:26,koreksi.ya.cuy,Istri Bos Abu Tours Kabur ke Singapura!,Kok ente yg refot ? Salah nye dimane ? https://s.kaskus.id/images/2018/04/16/10033035_20180416055646.gif Ya salah lah bodoh
15-04-2018 18:00,koreksi.ya.cuy,Istri Bos Abu Tours Kabur ke Singapura!,Menipu boleh asalkan seiman
14-04-2018 17:57,kabar.kabur,Larangan Lelaki Feminin di TV Dinilai Sebuah Penghinaan,"Iya, menghina anaknya prabowo"
14-04-2018 15:37,jasjus.kriptoss,"Takut Tidur Sendiri, Siswi SMP Ini Daftar ke KUA Jadi Pengantin Bersama Kekasihnya","daftar pengantin sah malah dilarang, bener bener negeri geblek. :cd Elu yg bodoh. Masih di bawah umur"
14-04-2018 13:45,bujang.lalang,Ustaz Sekaligus Kader PKS Digerebek di Kamar Mandi Bersama Perempuan,Pks emang joss
12-04-2018 10:27,rumahkanaka3,Anis Matta: Kita Mengalami Krisis Kepemimpinan,Istrinya berapa?
09-04-2018 11:32,.ozzoi.,"Ajukan Somasi, Ratna Sarumpaet Tuntut Dishub DKI Minta Maaf",Panutan nasbungwati
08-04-2018 05:36,.ozzoi.,"Lakukan Postingan Menghasut di Facebook, Seorang Mahasiswi Dibekuk Tim Resmob Polda M",Nasbung gak pernah kapok
05-04-2018 13:20,kabar.kabur,"Akui Jadi Teman Lesbi Bos First Travel, Esti Bergelimang Harta",Nasbung biasanya teriak2 nastak pro lgbt
05-04-2018 10:36,ashrose,Bos Abu Tour Sering Dicomplain Tetangga : Karoke Hingga Malam + Parkir Sembarangan,"Musik Itu Haram Kok main karaokean sih Ane baru lihat video yang hancurin Gitar,Piano,Biola :lehuga Halal haram sesuai terms and conditions"
26-03-2018 11:22,andika.1stravel,Angka Kerugian Calon Jemaah Abu Tours Kalahkan First Travel,Boleh nipu asalkan seiman
23-03-2018 22:25,trimusketeers,"Prostitusi ""Online"" di Banda Aceh Terbongkar, Sejumlah Mahasiswi Terlibat","Semua berasal akibat pengaruh budaya barat, lifestyle, mulai meracuni, merusak moral dan akhlak generasi muda NKRI, karna tujuan mereka kadalah memecah belah ummat, sebagaimana mereka membuat propaganda isis yang mereka pakai untuk propaganda mengadu domba, menjelekkan negara2 islam di mata dunia..."
22-03-2018 08:36,nasbungdiehard,Politikus PKS Divonis 9 Tahun Penjara dan Hak Politik Dicabut,Partai suci bro
15-03-2018 14:29,bujang.lalang,Heboh Video Ceramah Gitar Haram Ala Ustaz Muflih,Rhoma irama gimana?
15-03-2018 13:51,ditusuk.teman,"Soal Penataan Tn Abang, M Taufik: Sandi Bukan Jinny Oh Jinny",Jin dan jun Selalu berduaaaaaaaaaa!!!
15-03-2018 12:56,the.commandos,"Presiden Jokowi Ikut Lomba Kicau Burung, Ustaz Abdul Somad Sebut Haram, Ini Dalilnya",Dengki tuh orang
14-03-2018 11:03,serujambi.com,"Menanti Zola, Pengadilan Tipikor Jambi Dipenuhi Massa",Alumni 212 kah?
13-03-2018 09:12,deacon23,"Ahmad Dhani: Saya Dikriminalisasi, Habib Rizieq Jangan Pulang Saja",Wkakakak nasbung bodoh
09-03-2018 10:45,ferina.,"Mana yang Lebih Melanggar, Bercadar atau Berpakaian Minim?","Gw jijik bgt klo ada yg ketawa ""ngoahaha"" ga tau kenapa, kesannya udik Ngoahahaha Iye udik bgt ya Ngoaahhaahhaha"
09-03-2018 10:05,ferina.,"Dicegat Warga Karena Tidak Punya Pekerjaan, Ini Reaksi Sandiaga Uno",Cari orderan demo dong biar ada kerjaan
09-03-2018 06:38,mahkotax.putra,Fadli Zon Pastikan Gerindra Berkoalisi dengan PKS di 2019,"ane sih pilih yg enih dibanding si joke, mentornya si bapak yg sukses memimpin indon 2 periode tanpa melawak seperti joke Sukses gundulmu"
06-03-2018 13:40,InRealLife,"AHY ke Istana, Undang Jokowi Hadiri Rapimnas Demokrat",hanya direzim enih petugas partai pada jam kerja diundang keistana rezim dagelan:) Dasar onta cingkrang
02-03-2018 11:38,jetragel,"Galak di Medsos, Muslim Cyber Army Mengkeret di Depan Polisi","https://s.kaskus.id/images/2018/03/02/9999342_201803021025450784.jpg Gak yg online , gak yg offline , 22nya serupa.. :lehuga Kecapekan nyari duit"
02-03-2018 11:25,ndando22,JNE NGENES,Ts bodoh
02-03-2018 11:24,metrotvnews.com,Sandiaga: Masyarakat Melawai tak Terganggu PKL,Panasbung memang suka yg kumuh2
02-03-2018 11:08,silents.,Siapa sih Penyandang Dana Muslim Cyber Army?,"Kebo, tomi, wowo?"
02-03-2018 11:03,bikinmuntab,Emir Rianto Pernah Ikut Gerakan 212,Jidatnya Hitam Satu Menggambarkan Kebencian Level 1 Kalau Hitam Dua Kebenciannya Level 2 Wkkkakkakakakak bangke
02-03-2018 10:55,victimofgip.414,"Survei INES: Elektabilitas Prabowo 40,2%, Jokowi Jeblok",Tidak ada panastaik yang tidak baik Diciduk nangis lo
02-03-2018 10:52,ferina.,"Mengaku Iseng, Tapi Dosen Wanita Pembuat Kabar Hoax Ini Menyebarkannya 150.000 Kali d",150.000 x mah bukan iseng lagi tapi niat namanya itu onta anjing Otak ama muka sama suramnya itu onta ntod https://s.kaskus.id/images/2018/03/02/9294852_20180302102822.png Jelek muka nya
02-03-2018 10:48,banyakmikir,"Tak Mau Dicerai, Istri Abdee Slank Rela Dipoligami",Menang banyak nih
02-03-2018 10:35,rantymaria,"Hot Polisi Bakal Tilang Pengendara Dengar Radio, Apa Alasannya?",Gak konyol kok. Memang bs ganggu konsentrasi. Lo aja yg bodoh
01-03-2018 19:16,legendofmarco,"Red Sparrow (2018) | Jennifer Lawrence, Joel Edgerton",Black widow
01-03-2018 10:06,khloekarmike,"Viral Video Silvia Agustina Ejek Gaji PNS, Tentangganya Geram",Kuda nil
01-03-2018 10:04,DomCobbTotem,"Pekerjaan Moslem Cyber Army: Dari Karyawan, PNS Dinkes hingga Dosen",terbukti kan mca dri kalangan berpendidikan sedangkan nastaik tdk berpendidikan cuma mengklaim dirinya sebagai orang berpendidikan pdhal cuma imajinasi taik tetep ja taik ga bisa di.ubah jdi apapun itulah nastaik :D Berpendidikan kok nyebar hoax. Kan bodoh
01-03-2018 10:01,andika.1stravel,"Tampang 4 Anggota The Family MCA, Penyebar Isu Culik Kiai",Mampus lo
01-03-2018 09:25,onta.buronan,MCA: dari Anti Ahok ke Isu Kebangkitan PKI,No FU Reply
28-02-2018 08:18,ntapzzz,Lieus sebut Gatot-TGB Bisa Jadi Kuda Hitam yang Mematikan di 2019,Prabowo lo kemanain?
27-02-2018 18:24,sabil.haq,"Jonru Bacakan Pembelaan, Pendukungnya Tertidur!",Kayak enih dong??? https://z-p3-scontent-sit4-1.xx.fbcdn.net/v/t1.0-9/28276347_1666568616763500_2061880915390561304_n.jpg?oh=44df50f9323f949f160a 7dd9ea1da7c5&oe=5B1883AE Ribet ya hidupnya
27-02-2018 12:24,DomCobbTotem,Bareskrim Polri Tangkap 5 Orang Terkait Jaringan Muslim Cyber Army,nastak dikarungin lagi :ngakak Nastak gundulmu peyang
27-02-2018 12:19,jokosamudronapo,"Sering Unggah Berita Provokatif, Bareskrim Tangkap Empat Orang Anggota MCA",Mca bodoh
26-02-2018 18:45,berita378,"Dihujat Korban First Travel, Anniesa Hasibuan Teteskan Air Mata di Ruang Sidang",Panasbung bodoh
26-02-2018 12:32,serujambi.com,Teng! Syahbandar Akui ada Pertemuan dengan Zumi Zola di Jakarta,Mantap alumni 212
26-02-2018 12:29,victimofgip.414,"Ajaib, Sajadah Milik Warga Banjarbaru Ini Tahan Api, Disiram Bensin juga Tak Terbakar",Ts tahan api gak?
26-02-2018 11:29,beritahati.com,"Hmm, Presiden Filipina ingin naik gaji karena punya istri dua",Kalo gak punya istri seperti junjungannya panasbung gimana?
26-02-2018 11:26,veila.reborn,Ini Penampakan Rumah Tapak DP 0 Rupiah di Rorotan,Kirain pos ronda
26-02-2018 10:53,rantymaria,PKS Programkan Satu Kader Mem-PKS-kan 10 Warga dalam Setahun,Semacam virus atau penyakit menular ? :lehuga Virus wahabi
26-02-2018 10:48,beyoungcarerock,Dorongan Nyapres untuk Prabowo yang Disebut Merasa Semakin Tua,"Pak Prabowo ikut jejak bu Mega saja sudah, jadi king maker, kasih jalan yang muda2. Negara jaman now pemimpinnya muda2: Trudeau, Macron dkk :travel King maker atau panasbung maker"
26-02-2018 08:15,ntapzzz, Gatot-Anies atau Gatot-TGB Bisa Saingi Jokowi ,Prabowo kok gak disebut
26-02-2018 08:13,nevertalk,GNPF Siap Mendukung Jika Rizieq Shihab Jadi Capres 2019,Asik habib presiden Wowo lo gimanain?
25-02-2018 22:14,Pandjoel.123,"Onan Hiroshi : Pak Jokowi, Saya Minta Maaf !!!",Tertekan oleh panastak
25-02-2018 21:21,trimusketeers,"Habib Rizieq Batal Pulang, Pengamat: Sebenarnya Dia Pengecut",Awas ntar bangke nya gak disholatin
25-02-2018 21:10,ferina.,"Sebar Info Hoax dan Tuding Orang Lain Komunis, Pria Asal Parung Minta Maaf di Kantor",Panasbung tumbang
25-02-2018 21:04,matt.gaper,"Diprotes Warganet, Instagram Pulihkan Akun Ustaz Abdul Somad",Yaelah ban permanen aja kali
25-02-2018 18:54,kabar.kabur,Bagaimana Hukum Masjid Mencuri Listrik? Jawaban Ustadz Somad Sangat Mengejutkan!,Mencuri listrik halal
25-02-2018 18:44,makobarnews,"Instagram Ustaz Somad Di-suspend, Pintu Dakwah Lain Akan Terbuka Katanya",Dakwah pake sosmed kafir
25-02-2018 13:17,kencingin.pohon,"Akun Ustaz Somad Di-suspend, Fahri Minta Komisi I Panggil Instagram",Boikot instagram
25-02-2018 10:21,fr91,Akun Instagram Ustaz Somad Mendadak Di-suspend,Tau gak yg disalahin siapa?
25-02-2018 09:04,berita378,"Elvy Sukaesih Mendadak Muncul di Program Hitam Putih , Curhat Sambil Menangis",Cie cie curhat sama kapir
24-02-2018 13:35,Koncong,PKS Tak Gentar Hadapi Jokowi yang Diusung PDIP dan Koalisi Gemuk ,https://s.kaskus.id/images/2018/02/24/6223030_201802240134140538.jpg Jemput apa baik?
24-02-2018 13:33,wingchun.master,Presiden Jokowi Dipastikan Hadiri Festival Imlek dan Cap Go Meh di Singkawang,Jokowi cina (kata nasbung)
24-02-2018 13:32,_Hell_,Semakin tidak percaya dengan profesionalisme KPU dan pemilu 2019 nanti,Pbb curhat gak punya pemilih
24-02-2018 13:26,azizm795,Pemimpin Terlahir dari Rahim Rakyat yang Terdidik,https://s.kaskus.id/images/2018/02/24/6223030_201802241252110265.jpg Mantap habib president
24-02-2018 13:15,silents.,"Abdul Somad: Dari Presiden Sampai Pak KUA, Semua akan Binasa",Bodo amat
24-02-2018 13:05,ntapzzz,"Seru! Ada Kabar Prabowo �Ngalah�, Pilpres 2019 Pilih TGB yang Hafal Alquran","udah wo mending ksh kesempatan sm yg lain . tokoh2 selevel aja udh pd d belakang meja punya gacoan masing2 elo msh cape2 jd gacoan itu sndiri.... ada anies, ridwan kamil, anis matta, ato kader gerindra sndiri... lbh baik duduk manis aja Ridwan kamil mau jadi gacoannya prabowo? bodoh"
24-02-2018 13:02,easytosay,Tersangka Penghina Jokowi-Iriana Keturunan China dan PKI Minta Maaf,dobel dosanya itu nasbung hina presiden hina anak presiden hina ibu presiden teriak pki sebar gambar porno teriak antek cina mayan tuh pasal berlapis https://s.kaskus.id/images/2018/02/23/8010541_201802230838100084.png Sama si duy suruh dimaafkan
24-02-2018 12:55,adoeka,Perubahan Wajah Danau Sunter: Dulu Dipenuhi Warung Remang-remang,Lebih hebat Omahok:hansip https://s.kaskus.id/images/2018/02/24/8678904_201802241214190409.jpg Asik!!!!
23-02-2018 20:39,rantymaria,Polisi Korban Bom Thamrin: Kini Tak Bisa Sujud dan Tuli Sebagian,Bajingan memang
23-02-2018 20:25,terserah.gw,Tersangka Penghina Jokowi-Iriana Keturunan China dan PKI Minta Maaf,"""Pada kesempatan ini saya ingin beritahu, motifnya ingin berbagi saja. Saya menyadari bahwa saya salah. Saya menyebarkan berita itu berdasarkan apa yang dikirimkan kepada saya,"" kata Mustafa kepada wartawan di Bareskrim Polri, Cideng, Tanah Abang, Jakarta Pusat, Jumat (23/2/2018). _____..."
23-02-2018 20:04,mau.mau.lah,Ini yang Bikin Lapak PKL di Tengah Jalan Tanah Abang Sepi,Kalo sepi salah jokowi ahok Demo aja sana
23-02-2018 20:03,easytosay,Tersangka Penghina Jokowi-Iriana Keturunan China dan PKI Minta Maaf,"Ga dibenarkan si tersangka.. Tapi alangkah eloknya presiden dan ibu negara memaafkan, ingat pak, mereka rakyat kecil, ga berdaya, minim edukatif, dan lebih baik dibimbing, jangan tunjukan power of abuse di depan rakyat sekalipun rakyat sendiri yang salah Contoh manusia koplak"
23-02-2018 19:43,everesthome,"Rizieq Mau Pulang Bila Dijemput Anies Baswedan, Taufik: Faizal Assegaf Ngarang",itu ngarang habis.. apa hubungannya anies pilihan warga dki dengan 212 ? klo udah kalah ya lapang dada dan berbesar hatilah hokerz... 212 kan pendukung anis Ngeles aja lo unta
23-02-2018 18:55,terserah.gw,Tersangka Penghina Jokowi-Iriana Keturunan China dan PKI Minta Maaf,Panasbung memang bodoh
23-02-2018 18:35,president.trump,Video Viral Wanita Berjilbab Gigit Polisi Gara-gara Kena Tilang,Vampire 212 kah itu?
23-02-2018 17:43,bikinmuntab,Ganteng tapi Cabul! Inilah Oknum Guru Madrasah yang Setubuhi Siswinya di Sekolah,Panasbung emang gitu kelakuannya
23-02-2018 09:43,bikinmuntab,Ini Aksi Terbaru Zaadit Pemberi Kartu Kuning Jokowi,Nasbung bodoh
23-02-2018 09:41,andika.1stravel,"Oalah, Ternyata Ini Penyebar Hoaks Bu Mega Tolak Azan Masjid",ane cuman nanya itu hoax apa bukan santai aja dong tak :travel Manusia tolol
22-02-2018 08:36,khloekarmike,Ada Awan Putih Mirip 14 di Foto Gunung Salak Ala Ani Yudhoyono,Ibas gimana nih kabarnya? Terlibat ektp gak?
21-02-2018 12:32,alisopan3,Rizieq: Saya Ingin Pulang Karena Hati Ini Amat Sakit Saksikan Indonesia Makin Kacau,Kasian yg udah pada jemput
20-02-2018 12:58,adoeka,"Tiba Akhir Maret, Ini Penampakan Kereta MRT Jakarta",Ts homo
20-02-2018 12:36,bikinmuntab,"Elvy Sukaesih Belum Juga Jenguk, Dhawiya Sampaikan Pesan Menyayat Hati",anak dungu persis nastaik Dia kan panasbung
20-02-2018 09:31,mutiara.hitam88,Melihat Aksi Nyata Artis Chelsea Islan VS Mahasiswa BEM UI Zadit Taqwa,Panasbung bodoh
20-02-2018 09:23,eggydurjana,"Stadion GBK Dirusak, Menteri PUPR: Pas Lihat, Saya Nangis Betul",Nangis ya? Bergetar gak bibirnya?
19-02-2018 12:35,human.brain,Kok Tega Adang Anies Baswedan Turun Lapangan?,Siap2 thn dpn piala presiden ga ada lg!! Presidennya kalah pamor Ama gub!! Mimpi ya
19-02-2018 12:10,ferina.,"ML : Polisi Itu Pimpinan Thogut , Tidak Percaya Hukum Buatan Manusia",Panasbung bodoh
19-02-2018 12:08,berita378,Caci Maki Korban Sambut Kedatangan Tiga Bos First Travel di Pengadilan Negeri Depok,Mana nih suaranya panasbung?
19-02-2018 12:01,wiraprasta333,"Arab Minta Disediakan Kulkas, Mesin Cuci, Gym, dan 3 Macam Jus di Wisma Atlet Jakrta",Majikannya panasbung
19-02-2018 11:42,roh.kudis321,Fahri Hamzah: Paspampres Jokowi Amatiran dan Bikin Malu,Umat siap turun ke jalan?
18-02-2018 19:39,mbia,"Sandiaga: Jakmania, Please, Please, Please Jaga Ketertiban",Please please
18-02-2018 19:34,berita378,Reuni Aksi 212 Akan Putihkan Bioskop Indonesia,"Yaelah, buat makan aja susah kok disuruh nonton"
18-02-2018 19:33,pastibisadong,"Partainya Lolos Ikut Pemilu 2019, Akankah Tommy Soeharto Ikut Mencalonkan Presiden?",Yg dukung alumni 212
18-02-2018 19:30,ferina.,Ditjen Imigrasi Serahkah Rizieq Shihab ke Polri Jika Pulang,"Lawan dulu, langkahi kami para mujahid jika ingin mengkriminalisasi ulama kami, guru kami, imam besar kami..!! Selangkahpun kami ga akan mundur https://s.kaskus.id/images/2018/02/18/9691256_20180218054401.jpg #saveulama #kamibersamahrs Koplak"
17-02-2018 18:45,forpetrol,Menhub Ketemu Ustaz Yusuf Mansur,ngapain...? PAYTREN lg bnyk masalah :cd sbntar lg bakal kolaps... :shakehand Kolaps gundulmu
17-02-2018 18:41,venomfox88,Dhawiya Simpan Alat Nyabu di Kotak Makeup Bertulisan Selawat Nabi,Sabu barokah 212
17-02-2018 13:26,stealth.mode,Presidium 212: Tiket Pulang Habib Rizieq Palsu,"Eh bodoh, yg nyebarin tiketnya kan mca"
17-02-2018 13:24,tercyduckboy,Habib Rizieq Akan Diarak Keliling Kota Saat Tiba di Jakarta,Emangnya dia siapa? Raja?
17-02-2018 13:21,sabil.haq,"Total 3 anak Elvy Sukaesih diamankan, 1 menantu lagi hamil 6 bulan",Alumni 212 neh Munafik asu
16-02-2018 11:36,adjiecoolz,"Foto Tiket Beredar, Habib Rizieq Tiba di RI 21 Februari Pukul 09.00",No FU Reply
15-02-2018 19:09,gamesbrowser,"Video, Ustad Ini Menyebut Pemimpin Muslim Koruptor Tetap Masuk Surga","TS tolol udik atheis ga ngerti lu cara beragama , komunis anjing lu :fuck: konsep tauhid emang seperti itu di dalam ketauhidan , semua yang ada di dunia ini sifatnya keduniawian dan hidup yang kita jalani sekarang hanyalah semu dan ujian untuk umat manusia , yang bedakan umat manusia blangsak da"
14-02-2018 15:08,moderatorccd,"Soal Maraknya Aksi Intoleran, Sandiaga Uno: Lihat Pilkada Jakarta yang Damai",Damai gundulmu
14-02-2018 15:02,InRealLife,"Gara-gara Isu LGBT, Aceh International Marathon 2018 Sepi Pendaftar",Mau marathon aja sampe luar negeri
14-02-2018 09:43,nastak..umrah,FPI Tolak Keterlibatan Yayasan Buddha Tsu Chi dan Minta Pemkab Pijay Hentikan,Wong pekok
14-02-2018 09:16,eomma,Fadli Zon: Alangkah Bijaknya Jika Pimpinan KPK Tak Banyak Bicara,Elu sendiri cerewetnya minta ampun zonk
13-02-2018 14:12,berita378,"Eggi Sudjana Siap Mati Syahid, Jika Rizieq Shihab Dihalangi Pulang ke Tanah Air",Syahid gundulmu
13-02-2018 13:14,becakmini.v7,"Gereja St Lidwina Sleman Diserang, Amien Rais: Ada Siluman",Mak lo siluman
13-02-2018 13:09,steely,"Keliru Desain Atletik SUGBK, Salah Siapa?","rejim ini memang ga becus, batalin aja Asian Games.. ganti jadi mengleng games.. lomba berak Berak di muka lo ya"
13-02-2018 12:53,santosobudikeci,"Hoax, 97 Persen Pesisir Indonesia Dikuasai China",Mca memang baik
13-02-2018 00:14,dncommunity,"Gereja St Lidwina Diserang, Jokowi: Tak Ada Tempat Bagi Intoleran","Cuma soal ini jokowi tindakan ga sesuai omongan.kaum radikal masi berkeliaran bebas tanpa pernah diproses..bubarin HTI?klo pentolannya masi bebas berdakwah nyebarin paham HTI tanpa bawa2 nama HTI,ya sama aja boong..apalagi si FPI anjing itu,masi bebas mau ngpain aja sampe sekarang Masalahnya org2 i"
12-02-2018 19:31,berita378,"Eggi Sudjana Siap Mati Syahid, Jika Rizieq Shihab Dihalangi Pulang ke Tanah Air",No FU Reply
11-02-2018 18:21,onlinecelebes,"Tidak Diberangkatkan Umrah, Calon Jemaah Datangi Kantor Abu Tour",Tuh suruh alumni 212 demo
11-02-2018 18:07,pastibisadong,"Seorang Netizen Sumpahi Anaknya, Denada Murka dan Tak Akan Tinggal Diam!",Nasbung bodoh sok alim
11-02-2018 17:29,carrpirates,Yuk kenali ciri - ciri situs penyebar hoax,Tambahin satu lagi Bawa2 nama islam
11-02-2018 09:57,kelazcorro,"Jika Rizieq Shihab Ditahan, Pengacara: Risiko Ribut Sama Umat",Halah kintil
10-02-2018 13:01,young.avenger,Pelajar dan Santri Majalengka Tolak Valentine Day,bodoh
08-02-2018 13:19,putri..mia," Rumah Saya Banjir Seleher Pak , Anies: Doa Lekas Surut",jgn mencari kesalahan pemimpin lah. Emang dia salah kok
